cancelation_id,rider_id,driver_id,arrived,distance_from_pin,wait_time,rider_rating
CD1000,U2909,D150,True,69,4,2.54
CD1001,U2830,D169,True,24,3,1.57
CD1002,U2169,D199,True,74,3,4.25
CD1003,U1397,D148,True,64,4,2.7
CD1004,U2403,D144,True,45,8,2.52
CD1005,U1898,D112,True,17,10,4.02
CD1006,U1918,D166,True,49,8,0.93
CD1007,U2661,D112,True,38,3,0.75
CD1008,U1198,D167,True,39,3,1.01
CD1009,U2991,D114,True,22,7,2.4
CD1010,U2394,D193,True,86,6,0.99
CD1011,U1194,D142,True,12,10,2.65
CD1012,U1514,D123,True,56,3,1.66
CD1013,U1188,D152,True,68,9,1.16
CD1014,U2501,D176,True,9,3,3.96
CD1015,U1316,D102,True,76,4,3.71
CD1016,U2506,D172,True,64,9,4.37
CD1017,U1823,D139,True,44,10,3.06
CD1018,U1103,D195,True,68,8,3.62
CD1019,U1130,D114,True,86,9,4.98
CD1020,U1661,D150,True,65,3,3.16
CD1021,U1150,D176,True,44,3,3.99
CD1022,U2690,D161,True,98,4,3.71
CD1023,U2779,D147,True,97,5,3.17
CD1024,U2409,D199,True,56,4,2.78
CD1025,U1136,D129,True,17,4,3.4
CD1026,U2975,D110,True,65,7,4.1
CD1027,U2363,D154,True,59,5,4.54
CD1028,U1106,D117,True,91,4,2.68
CD1029,U1366,D128,True,99,3,3.2
CD1030,U2951,D192,True,82,4,1.54
CD1031,U2107,D140,True,96,3,3.64
CD1032,U1738,D117,True,53,4,3.88
CD1033,U1934,D127,True,36,3,2.76
CD1034,U2987,D151,True,99,5,2.44
CD1035,U1287,D182,True,50,3,2.96
CD1036,U2468,D168,True,49,9,2.39
CD1037,U2466,D188,True,92,3,2.76
CD1038,U1384,D127,True,96,6,2.6
CD1039,U2510,D124,True,82,3,2.39
CD1040,U2056,D145,True,30,5,3.84
CD1041,U1370,D158,True,83,4,2.65
CD1042,U1500,D158,True,96,7,3.27
CD1043,U2725,D186,True,85,9,1.71
CD1044,U1895,D160,True,54,6,0.8
CD1045,U1533,D198,True,44,4,2.55
CD1046,U2848,D177,True,99,3,3.69
CD1047,U1795,D181,True,86,5,3.08
CD1048,U1514,D108,True,96,4,1.66
CD1049,U2319,D166,True,62,6,2.88
CD1050,U2259,D109,True,84,4,2.87
CD1051,U2834,D151,True,84,3,4.06
CD1052,U2136,D162,True,99,4,3.61
CD1053,U2086,D195,True,68,3,2.28
CD1054,U2818,D120,True,51,4,2.57
CD1055,U2960,D158,True,41,4,1.99
CD1056,U2139,D159,True,87,4,2.57
CD1057,U2906,D188,True,90,3,1.98
CD1058,U2990,D199,True,86,5,1.11
CD1059,U2797,D180,True,56,4,3.81
CD1060,U2000,D101,True,50,3,3.27
CD1061,U1838,D142,True,19,7,0.86
CD1062,U2237,D169,True,63,4,2.65
CD1063,U2317,D106,True,65,5,4.0
CD1064,U2429,D186,True,18,10,2.86
CD1065,U1888,D104,True,51,3,2.64
CD1066,U2008,D162,True,14,6,3.51
CD1067,U2564,D118,True,33,5,3.99
CD1068,U1591,D160,True,86,3,3.55
CD1069,U1433,D123,True,18,5,2.95
CD1070,U1168,D104,True,89,5,3.23
CD1071,U1718,D154,True,89,10,1.67
CD1072,U2530,D197,True,79,3,3.72
CD1073,U2920,D193,True,66,5,3.71
CD1074,U1197,D145,True,94,3,3.58
CD1075,U2402,D123,True,19,3,0.53
CD1076,U1664,D133,True,51,3,3.09
CD1077,U1089,D126,True,37,8,1.02
CD1078,U1070,D145,True,41,4,4.25
CD1079,U2726,D197,True,47,10,4.23
CD1080,U2898,D152,True,78,3,2.37
CD1081,U1961,D111,True,36,10,3.55
CD1082,U2829,D153,True,56,3,2.21
CD1083,U2398,D104,True,36,5,3.9
CD1084,U1063,D160,True,90,4,2.31
CD1085,U1465,D126,True,45,4,2.92
CD1086,U1705,D179,True,88,6,3.53
CD1087,U2391,D147,True,77,9,4.81
CD1088,U1737,D101,True,89,10,3.56
CD1089,U2689,D133,True,34,3,3.94
CD1090,U1341,D110,True,88,4,1.14
CD1091,U1437,D161,True,63,3,3.4
CD1092,U1598,D192,True,77,4,0.4
CD1093,U2172,D196,True,3,3,2.86
CD1094,U2880,D151,True,99,3,3.59
CD1095,U2623,D164,True,66,6,3.03
CD1096,U2846,D177,True,18,3,3.06
CD1097,U2497,D154,True,67,3,3.36
CD1098,U1913,D144,True,54,3,3.22
CD1099,U2632,D171,True,98,10,2.88
CD1100,U1982,D154,True,50,3,3.42
CD1101,U1718,D111,True,77,5,1.67
CD1102,U2665,D198,True,100,3,3.9
CD1103,U2167,D179,True,81,3,1.29
CD1104,U1199,D105,True,66,3,1.05
CD1105,U2856,D172,True,80,4,3.5
CD1106,U2897,D164,True,53,4,2.6
CD1107,U2468,D179,True,60,4,2.39
CD1108,U1485,D149,True,56,6,3.34
CD1109,U1262,D121,True,51,10,0.23
CD1110,U2590,D103,True,91,8,2.71
CD1111,U1882,D194,True,48,10,2.17
CD1112,U2734,D171,True,24,3,1.44
CD1113,U2372,D116,True,36,3,3.77
CD1114,U2057,D178,True,60,8,2.11
CD1115,U1901,D114,True,57,10,2.08
CD1116,U2100,D105,True,80,4,2.87
CD1117,U2829,D155,True,59,3,2.21
CD1118,U2260,D103,True,63,5,0.73
CD1119,U1243,D160,True,25,4,1.0
CD1120,U2536,D158,True,76,7,4.29
CD1121,U2365,D192,True,65,4,4.65
CD1122,U1617,D193,True,60,10,1.98
CD1123,U2491,D145,True,47,10,3.33
CD1124,U1635,D167,True,48,5,3.15
CD1125,U1205,D150,True,53,9,2.96
CD1126,U2885,D116,True,40,4,4.19
CD1127,U2641,D131,True,23,10,2.59
CD1128,U1797,D140,True,53,7,4.11
CD1129,U1137,D133,True,61,6,3.61
CD1130,U2188,D134,True,71,3,3.67
CD1131,U1352,D141,True,27,3,1.08
CD1132,U1971,D139,True,82,4,3.0
CD1133,U2363,D182,True,50,3,4.54
CD1134,U1698,D133,True,87,4,3.03
CD1135,U1472,D173,True,94,4,3.73
CD1136,U1796,D180,True,92,5,2.34
CD1137,U1086,D190,True,98,3,4.07
CD1138,U1900,D100,True,12,4,1.6
CD1139,U2274,D139,True,38,7,3.09
CD1140,U1931,D170,True,93,5,2.73
CD1141,U2196,D185,True,91,3,2.73
CD1142,U1222,D178,True,86,5,4.11
CD1143,U2393,D116,True,38,3,2.39
CD1144,U2144,D194,True,72,3,4.21
CD1145,U1305,D194,True,70,7,3.0
CD1146,U2706,D105,True,71,10,2.44
CD1147,U1333,D198,True,44,10,3.29
CD1148,U1997,D171,True,94,3,3.23
CD1149,U2855,D172,True,24,4,1.23
CD1150,U2589,D163,True,74,4,3.62
CD1151,U2496,D157,True,59,10,2.01
CD1152,U2245,D130,True,62,6,3.93
CD1153,U2272,D190,True,69,4,4.16
CD1154,U2527,D162,True,98,10,4.81
CD1155,U2729,D158,True,81,10,0.17
CD1156,U1437,D111,True,93,4,3.4
CD1157,U2693,D116,True,84,3,3.33
CD1158,U1342,D148,True,85,7,4.35
CD1159,U2998,D170,True,75,5,4.47
CD1160,U2735,D161,True,52,3,2.17
CD1161,U1116,D113,True,73,6,4.96
CD1162,U1797,D104,True,88,9,4.11
CD1163,U2570,D114,True,81,4,3.15
CD1164,U2606,D135,True,64,4,2.29
CD1165,U2519,D171,True,76,7,1.98
CD1166,U2297,D190,True,71,10,3.6
CD1167,U1151,D197,True,97,5,1.24
CD1168,U2636,D116,True,19,4,1.76
CD1169,U1257,D168,True,17,3,3.47
CD1170,U2284,D163,True,36,4,1.7
CD1171,U1268,D110,True,40,4,3.9
CD1172,U1489,D169,True,97,6,4.01
CD1173,U1599,D169,True,84,8,3.85
CD1174,U2127,D189,True,41,3,3.29
CD1175,U1381,D115,True,97,4,3.17
CD1176,U2308,D163,True,95,7,2.64
CD1177,U2587,D123,True,93,4,2.03
CD1178,U2322,D126,True,99,3,2.49
CD1179,U1463,D143,True,41,4,3.34
CD1180,U1362,D116,True,46,4,3.19
CD1181,U2481,D122,True,65,8,1.61
CD1182,U2689,D129,True,18,3,3.94
CD1183,U2998,D137,True,55,9,4.47
CD1184,U1499,D135,True,51,6,3.74
CD1185,U2646,D194,True,59,5,4.43
CD1186,U2620,D150,True,82,8,2.52
CD1187,U2949,D141,True,19,3,1.44
CD1188,U2823,D169,True,21,3,2.09
CD1189,U2048,D143,True,66,4,3.12
CD1190,U2908,D110,True,77,5,1.82
CD1191,U2197,D172,True,77,10,2.99
CD1192,U2194,D134,True,83,10,4.78
CD1193,U2022,D178,True,79,4,3.75
CD1194,U1943,D171,True,71,5,2.94
CD1195,U1444,D191,True,59,3,2.6
CD1196,U1113,D169,True,79,3,0.95
CD1197,U2767,D188,True,22,10,1.12
CD1198,U2075,D145,True,86,9,2.17
CD1199,U2304,D131,True,57,6,3.08
CD1200,U1046,D191,True,98,4,3.09
CD1201,U1181,D165,True,87,5,4.73
CD1202,U2104,D171,True,63,3,3.48
CD1203,U1058,D146,True,76,10,3.9
CD1204,U1750,D189,True,79,4,2.58
CD1205,U2019,D130,True,88,3,2.31
CD1206,U2146,D154,True,11,4,4.08
CD1207,U1108,D139,True,90,4,1.03
CD1208,U1806,D134,True,47,4,2.28
CD1209,U1011,D124,True,75,3,1.17
CD1210,U2538,D161,True,45,8,2.14
CD1211,U2395,D187,True,75,4,3.08
CD1212,U1494,D110,True,51,7,0.88
CD1213,U2878,D123,True,92,4,3.71
CD1214,U2430,D190,True,29,3,1.45
CD1215,U2060,D112,True,3,6,0.61
CD1216,U1750,D133,True,55,5,2.58
CD1217,U1107,D149,True,83,3,4.35
CD1218,U1771,D186,True,28,7,3.38
CD1219,U2433,D167,True,89,4,3.47
CD1220,U1756,D185,True,35,8,0.59
CD1221,U2246,D178,True,78,7,2.97
CD1222,U1528,D149,True,39,9,4.28
CD1223,U2936,D153,True,68,3,2.93
CD1224,U1583,D114,True,80,4,1.1
CD1225,U1777,D118,True,85,5,3.88
CD1226,U2510,D117,True,66,6,2.39
CD1227,U1280,D171,True,97,10,2.3
CD1228,U2091,D106,True,84,3,0.74
CD1229,U2009,D131,True,81,3,2.85
CD1230,U1390,D146,True,47,3,3.02
CD1231,U1134,D104,True,91,9,0.84
CD1232,U1296,D129,True,33,5,4.04
CD1233,U1543,D183,True,78,10,1.36
CD1234,U1710,D100,True,50,5,3.38
CD1235,U2515,D198,True,69,6,0.69
CD1236,U2875,D172,True,75,10,3.48
CD1237,U1942,D167,True,80,6,0.99
CD1238,U1405,D108,True,96,6,3.49
CD1239,U2304,D187,True,25,3,3.08
CD1240,U1392,D133,True,76,7,3.48
CD1241,U2526,D173,True,48,10,4.4
CD1242,U2811,D184,True,90,3,3.2
CD1243,U2625,D109,True,57,4,3.87
CD1244,U2437,D107,True,72,3,3.36
CD1245,U1807,D192,True,70,3,1.02
CD1246,U1568,D150,True,29,4,3.19
CD1247,U1004,D169,True,30,8,4.24
CD1248,U2099,D132,True,100,6,1.83
CD1249,U1798,D139,True,71,5,2.5
CD1250,U1024,D186,True,43,4,3.97
CD1251,U1980,D110,True,98,3,3.25
CD1252,U1603,D193,True,68,5,4.36
CD1253,U1664,D199,True,18,5,3.09
CD1254,U1923,D127,True,22,7,1.81
CD1255,U1641,D104,True,19,7,0.22
CD1256,U1836,D128,True,51,4,0.73
CD1257,U2449,D104,True,53,5,3.64
CD1258,U2049,D149,True,11,9,3.28
CD1259,U2667,D166,True,70,4,2.16
CD1260,U2623,D131,True,72,5,3.03
CD1261,U1745,D131,True,74,5,3.85
CD1262,U2757,D168,True,99,5,0.77
CD1263,U1573,D176,True,41,7,3.25
CD1264,U1027,D189,True,74,4,1.3
CD1265,U1531,D107,True,59,5,3.53
CD1266,U1505,D155,True,57,4,2.91
CD1267,U2296,D119,True,17,5,2.41
CD1268,U1281,D168,True,91,3,3.24
CD1269,U1538,D112,True,23,5,1.26
CD1270,U1214,D126,True,35,4,3.93
CD1271,U2118,D186,True,98,4,2.84
CD1272,U1135,D195,True,22,8,2.08
CD1273,U2909,D120,True,21,6,2.54
CD1274,U1049,D154,True,64,3,2.73
CD1275,U2521,D196,True,63,4,1.97
CD1276,U1683,D136,True,50,3,1.88
CD1277,U2306,D190,True,91,5,2.36
CD1278,U2637,D159,True,37,4,1.62
CD1279,U2369,D107,True,98,10,0.23
CD1280,U2061,D169,True,61,3,3.11
CD1281,U2493,D127,True,84,3,4.66
CD1282,U2186,D184,True,87,5,4.51
CD1283,U2989,D143,True,65,4,1.87
CD1284,U1435,D166,True,68,3,3.24
CD1285,U2394,D169,True,39,4,0.99
CD1286,U1144,D165,True,66,10,0.3
CD1287,U2549,D190,True,63,3,3.13
CD1288,U2248,D128,True,94,3,2.74
CD1289,U1778,D195,True,12,5,1.04
CD1290,U2007,D147,True,47,10,3.83
CD1291,U1388,D191,True,82,3,4.55
CD1292,U1735,D155,True,68,3,4.55
CD1293,U2266,D142,True,99,3,2.91
CD1294,U2530,D177,True,97,10,3.72
CD1295,U2174,D108,True,66,4,2.95
CD1296,U1264,D117,True,32,4,3.33
CD1297,U1264,D130,True,44,9,3.33
CD1298,U2169,D159,True,79,4,4.25
CD1299,U2224,D183,True,88,10,2.44
CD1300,U1326,D145,True,93,8,3.33
CD1301,U1253,D131,True,93,7,3.75
CD1302,U2784,D120,True,93,6,3.21
CD1303,U1309,D182,True,69,5,3.15
CD1304,U2225,D199,True,70,6,4.1
CD1305,U2192,D180,True,54,10,1.82
CD1306,U1501,D101,True,55,5,2.74
CD1307,U2075,D138,True,97,3,2.17
CD1308,U2247,D197,True,97,4,3.86
CD1309,U2419,D172,True,25,6,2.47
CD1310,U1308,D147,True,11,7,2.11
CD1311,U2627,D185,True,42,6,3.23
CD1312,U1498,D130,True,69,7,2.26
CD1313,U1447,D188,True,65,3,2.52
CD1314,U2072,D159,True,82,3,2.37
CD1315,U1051,D193,True,41,3,2.73
CD1316,U1762,D184,True,86,6,1.35
CD1317,U1940,D143,True,81,5,1.96
CD1318,U2504,D119,True,28,6,2.87
CD1319,U2254,D108,True,66,4,2.76
CD1320,U1215,D124,True,10,7,2.0
CD1321,U2608,D129,True,80,5,2.16
CD1322,U1727,D106,True,65,3,3.74
CD1323,U1065,D188,True,58,9,3.41
CD1324,U1899,D139,True,37,5,4.16
CD1325,U2307,D156,True,3,3,3.95
CD1326,U2517,D107,True,31,8,2.59
CD1327,U1755,D109,True,77,10,2.35
CD1328,U1125,D124,True,77,4,3.35
CD1329,U2496,D189,True,59,4,2.01
CD1330,U1106,D134,True,85,5,2.68
CD1331,U2822,D127,True,57,10,2.35
CD1332,U1134,D115,True,38,3,0.84
CD1333,U1362,D176,True,63,8,3.19
CD1334,U1571,D110,True,27,4,1.71
CD1335,U2446,D116,True,44,9,3.52
CD1336,U1443,D128,True,71,3,3.31
CD1337,U2024,D100,True,90,3,3.24
CD1338,U1635,D123,True,77,3,3.15
CD1339,U2848,D111,True,88,3,3.69
CD1340,U2230,D182,True,17,6,4.32
CD1341,U2944,D120,True,73,4,3.17
CD1342,U2534,D195,True,47,4,3.15
CD1343,U2287,D136,True,72,4,3.63
CD1344,U2109,D189,True,76,5,1.96
CD1345,U1774,D101,True,93,4,2.39
CD1346,U2994,D139,True,50,4,4.1
CD1347,U1483,D144,True,45,3,3.14
CD1348,U2996,D102,True,85,4,3.84
CD1349,U1989,D102,True,32,5,2.62
CD1350,U2791,D199,True,96,9,4.37
CD1351,U2105,D120,True,56,7,3.3
CD1352,U2816,D126,True,35,5,3.02
CD1353,U2749,D171,True,90,10,3.04
CD1354,U1094,D194,True,96,4,3.76
CD1355,U1101,D160,True,80,5,3.29
CD1356,U1133,D119,True,24,5,2.72
CD1357,U2581,D147,True,56,7,3.22
CD1358,U2036,D130,True,97,6,1.78
CD1359,U2098,D133,True,57,4,0.97
CD1360,U1880,D151,True,23,3,4.89
CD1361,U2655,D100,True,25,3,1.68
CD1362,U2382,D110,True,62,5,2.43
CD1363,U1845,D166,True,67,3,3.67
CD1364,U2329,D111,True,72,4,2.36
CD1365,U2931,D163,True,100,10,2.83
CD1366,U1250,D183,True,64,4,2.85
CD1367,U2501,D108,True,32,4,3.96
CD1368,U2910,D182,True,68,3,3.34
CD1369,U2506,D186,True,77,3,4.37
CD1370,U2390,D132,True,90,5,4.82
CD1371,U2366,D188,True,72,5,1.94
CD1372,U1525,D115,True,53,3,2.4
CD1373,U2813,D176,True,71,5,4.65
CD1374,U2470,D165,True,99,6,3.84
CD1375,U2657,D179,True,49,7,1.07
CD1376,U1258,D178,True,39,10,2.25
CD1377,U2952,D137,True,70,4,3.48
CD1378,U2472,D130,True,37,4,4.28
CD1379,U2124,D167,True,42,5,4.8
CD1380,U1437,D139,True,38,5,3.4
CD1381,U2407,D126,True,38,8,3.57
CD1382,U2590,D127,True,19,7,2.71
CD1383,U2908,D182,True,81,6,1.82
CD1384,U1419,D102,True,78,6,1.52
CD1385,U2411,D198,True,22,4,0.95
CD1386,U2377,D167,True,91,4,2.88
CD1387,U1314,D103,True,84,10,3.02
CD1388,U1345,D146,True,45,4,2.15
CD1389,U1874,D185,True,94,3,3.45
CD1390,U1910,D162,True,38,9,3.37
CD1391,U2583,D173,True,63,6,0.33
CD1392,U1964,D101,True,91,6,2.91
CD1393,U2078,D108,True,87,5,2.93
CD1394,U1221,D166,True,58,3,3.25
CD1395,U2944,D143,True,59,3,3.17
CD1396,U2373,D180,True,22,6,2.9
CD1397,U2273,D144,True,71,3,2.75
CD1398,U2965,D157,True,24,5,1.42
CD1399,U1714,D146,True,92,5,2.09
CD1400,U1475,D127,True,81,3,2.98
CD1401,U1880,D192,True,8,7,4.89
CD1402,U1961,D129,True,45,5,3.55
CD1403,U1354,D150,True,65,6,0.75
CD1404,U2061,D107,True,97,4,3.11
CD1405,U2314,D135,True,55,4,1.36
CD1406,U1052,D125,True,22,7,4.37
CD1407,U1844,D153,True,70,5,3.73
CD1408,U2519,D151,True,99,10,1.98
CD1409,U1966,D104,True,48,3,4.62
CD1410,U1646,D169,True,96,3,3.34
CD1411,U1187,D138,True,83,6,0.39
CD1412,U1350,D133,True,93,3,3.25
CD1413,U1416,D145,True,90,6,4.77
CD1414,U2032,D151,True,14,6,3.55
CD1415,U2077,D106,True,96,6,0.7
CD1416,U2280,D140,True,83,4,2.27
CD1417,U1054,D126,True,68,3,4.14
CD1418,U1133,D155,True,90,5,2.72
CD1419,U2229,D145,True,38,3,3.63
CD1420,U1043,D156,True,88,8,3.35
CD1421,U1003,D126,True,86,3,4.04
CD1422,U2016,D189,True,62,3,3.78
CD1423,U1403,D197,True,57,3,3.92
CD1424,U1601,D118,True,19,4,2.66
CD1425,U1112,D158,True,90,3,3.35
CD1426,U2221,D195,True,94,4,3.52
CD1427,U2434,D172,True,61,3,4.28
CD1428,U1455,D125,True,86,3,2.19
CD1429,U2490,D140,True,54,4,3.65
CD1430,U1967,D142,True,16,5,3.4
CD1431,U2575,D116,True,81,3,3.48
CD1432,U2844,D170,True,18,6,2.0
CD1433,U2508,D108,True,87,7,2.39
CD1434,U2505,D199,True,87,8,4.01
CD1435,U1707,D166,True,17,3,2.02
CD1436,U2431,D106,True,100,9,3.75
CD1437,U2962,D153,True,87,5,1.52
CD1438,U1817,D187,True,72,5,3.3
CD1439,U1423,D157,True,85,3,2.95
CD1440,U2493,D112,True,78,3,4.66
CD1441,U2262,D126,True,63,5,3.11
CD1442,U1357,D124,True,37,5,3.23
CD1443,U1758,D130,True,79,3,4.63
CD1444,U1195,D180,True,59,4,3.63
CD1445,U1113,D162,True,86,4,0.95
CD1446,U2397,D187,True,87,4,3.83
CD1447,U2905,D105,True,47,4,3.31
CD1448,U2757,D194,True,78,10,0.77
CD1449,U1052,D118,True,60,4,4.37
CD1450,U2300,D120,True,87,4,1.93
CD1451,U2504,D188,True,90,10,2.87
CD1452,U1743,D102,True,75,6,4.34
CD1453,U2502,D195,True,85,7,3.44
CD1454,U2307,D105,True,50,4,3.95
CD1455,U2561,D183,True,89,5,1.68
CD1456,U2306,D177,True,51,10,2.36
CD1457,U2460,D197,True,71,7,3.01
CD1458,U1685,D115,True,93,7,3.48
CD1459,U2658,D191,True,37,4,2.79
CD1460,U2597,D174,True,66,4,3.07
CD1461,U2124,D165,True,69,3,4.8
CD1462,U1290,D106,True,41,6,2.95
CD1463,U2729,D116,True,94,5,0.17
CD1464,U2476,D156,True,32,10,0.87
CD1465,U1160,D153,True,28,6,2.09
CD1466,U1749,D116,True,74,4,3.64
CD1467,U2626,D172,True,94,4,3.67
CD1468,U2844,D176,True,77,6,2.0
CD1469,U1230,D187,True,85,6,4.66
CD1470,U2208,D160,True,90,3,1.4
CD1471,U2877,D194,True,79,9,3.1
CD1472,U2893,D170,True,82,10,3.25
CD1473,U2799,D146,True,73,7,2.97
CD1474,U1089,D114,True,61,3,1.02
CD1475,U1818,D187,True,69,5,1.72
CD1476,U2432,D134,True,99,3,2.41
CD1477,U2113,D106,True,47,8,3.95
CD1478,U2908,D103,True,52,4,1.82
CD1479,U2411,D118,True,72,4,0.95
CD1480,U2383,D132,True,91,10,2.7
CD1481,U2974,D122,True,56,4,4.12
CD1482,U1502,D163,True,92,10,2.63
CD1483,U1153,D185,True,19,3,2.95
CD1484,U1095,D158,True,99,3,4.56
CD1485,U2955,D154,True,50,5,3.23
CD1486,U2586,D114,True,8,7,2.8
CD1487,U1182,D139,True,52,3,3.53
CD1488,U1139,D168,True,86,3,4.06
CD1489,U2820,D160,True,95,3,0.85
CD1490,U1575,D129,True,48,5,3.45
CD1491,U2500,D187,True,89,7,3.66
CD1492,U2019,D174,True,76,3,2.31
CD1493,U1477,D128,True,45,8,2.55
CD1494,U1195,D159,True,38,3,3.63
CD1495,U2476,D123,True,69,4,0.87
CD1496,U2852,D112,True,74,4,2.61
CD1497,U1955,D170,True,54,6,2.71
CD1498,U1303,D175,True,70,3,3.41
CD1499,U1746,D106,True,61,6,3.01
CD1500,U2692,D183,True,70,5,1.75
CD1501,U2357,D122,True,39,3,4.65
CD1502,U1040,D183,True,39,10,2.46
CD1503,U1619,D152,True,17,10,2.43
CD1504,U1052,D169,True,50,4,4.37
CD1505,U2333,D142,True,33,5,4.19
CD1506,U2964,D166,True,81,3,0.82
CD1507,U1067,D150,True,47,3,3.51
CD1508,U1076,D114,True,47,7,2.52
CD1509,U1696,D106,True,91,3,3.69
CD1510,U2591,D196,True,73,3,3.55
CD1511,U2347,D189,True,98,5,2.97
CD1512,U1562,D137,True,93,3,3.25
CD1513,U1301,D179,True,67,5,2.79
CD1514,U2599,D152,True,46,3,4.2
CD1515,U1296,D150,True,95,4,4.04
CD1516,U2985,D170,True,64,4,2.86
CD1517,U1319,D141,True,99,7,1.69
CD1518,U1682,D134,True,55,5,3.89
CD1519,U1472,D113,True,54,9,3.73
CD1520,U2759,D107,True,10,3,2.42
CD1521,U2300,D187,True,15,3,1.93
CD1522,U2658,D115,True,83,4,2.79
CD1523,U1159,D164,True,22,7,3.74
CD1524,U2480,D186,True,45,4,3.54
CD1525,U2462,D104,True,92,5,2.86
CD1526,U2572,D152,True,51,4,4.45
CD1527,U1672,D179,True,52,4,2.15
CD1528,U2308,D104,True,60,3,2.64
CD1529,U1486,D125,True,66,3,4.08
CD1530,U1516,D150,True,95,3,3.78
CD1531,U2091,D110,True,65,4,0.74
CD1532,U2154,D193,True,61,3,2.67
CD1533,U2535,D107,True,15,4,3.48
CD1534,U1622,D197,True,76,5,1.14
CD1535,U1878,D106,True,21,5,1.8
CD1536,U2498,D142,True,10,4,3.42
CD1537,U1321,D191,True,14,5,2.73
CD1538,U2445,D114,True,42,4,2.71
CD1539,U1639,D111,True,83,3,3.42
CD1540,U2822,D195,True,72,4,2.35
CD1541,U2260,D169,True,80,3,0.73
CD1542,U1392,D160,True,97,10,3.48
CD1543,U1666,D150,True,57,5,4.84
CD1544,U2838,D139,True,68,5,4.29
CD1545,U2850,D175,True,96,4,1.82
CD1546,U1260,D150,True,89,5,4.87
CD1547,U1988,D132,True,64,6,2.37
CD1548,U2394,D128,True,90,5,0.99
CD1549,U2282,D139,True,29,3,3.53
CD1550,U2810,D191,True,37,4,3.9
CD1551,U1956,D149,True,3,3,3.25
CD1552,U1063,D193,True,77,5,2.31
CD1553,U2661,D112,True,93,3,0.75
CD1554,U1508,D194,True,87,3,3.1
CD1555,U2960,D140,True,92,3,1.99
CD1556,U2175,D141,True,71,4,3.38
CD1557,U1401,D113,True,50,4,2.94
CD1558,U1675,D168,True,59,4,3.38
CD1559,U2939,D178,True,56,4,2.48
CD1560,U1587,D100,True,44,6,2.83
CD1561,U2156,D197,True,83,7,2.48
CD1562,U2738,D114,True,36,6,0.9
CD1563,U2635,D194,True,92,10,2.05
CD1564,U1845,D112,True,92,3,3.67
CD1565,U1685,D119,True,91,5,3.48
CD1566,U1240,D146,True,39,5,3.23
CD1567,U2923,D194,True,63,6,2.6
CD1568,U1288,D120,True,87,3,4.08
CD1569,U1766,D185,True,67,5,2.06
CD1570,U1817,D166,True,88,5,3.3
CD1571,U1087,D196,True,56,3,0.95
CD1572,U1202,D109,True,45,3,2.65
CD1573,U2492,D105,True,68,10,1.88
CD1574,U1064,D196,True,86,4,3.78
CD1575,U1943,D164,True,45,3,2.94
CD1576,U1144,D186,True,42,5,0.3
CD1577,U1111,D174,True,71,5,2.52
CD1578,U1103,D187,True,65,6,3.62
CD1579,U2418,D188,True,80,9,3.46
CD1580,U2220,D114,True,37,7,4.72
CD1581,U1405,D148,True,49,7,3.49
CD1582,U1445,D163,True,60,5,3.4
CD1583,U2300,D163,True,58,3,1.93
CD1584,U1776,D190,True,18,3,2.8
CD1585,U1997,D136,True,54,6,3.23
CD1586,U2987,D122,True,70,7,2.44
CD1587,U2403,D138,True,94,7,2.52
CD1588,U2535,D194,True,22,3,3.48
CD1589,U2517,D162,True,89,3,2.59
CD1590,U1630,D197,True,59,9,3.3
CD1591,U2200,D171,True,66,5,3.2
CD1592,U1820,D154,True,42,6,0.67
CD1593,U2640,D116,True,70,5,4.13
CD1594,U2417,D144,True,44,5,2.56
CD1595,U1590,D155,True,92,3,1.0
CD1596,U1978,D161,True,73,7,2.63
CD1597,U2515,D166,True,98,7,0.69
CD1598,U1061,D148,True,66,3,3.78
CD1599,U2440,D138,True,44,5,2.89
CD1600,U2331,D105,True,36,5,3.12
CD1601,U2814,D164,True,4,3,1.87
CD1602,U2268,D184,True,52,4,2.35
CD1603,U2442,D165,True,86,4,4.26
CD1604,U1936,D145,True,77,6,3.16
CD1605,U1209,D135,True,57,6,3.26
CD1606,U1116,D130,True,62,4,4.96
CD1607,U2806,D115,True,100,3,3.64
CD1608,U1841,D113,True,16,5,2.04
CD1609,U1422,D116,True,52,3,3.41
CD1610,U1616,D120,True,73,5,3.37
CD1611,U1161,D194,True,22,3,2.22
CD1612,U1246,D174,True,29,6,2.15
CD1613,U1842,D175,True,57,3,4.4
CD1614,U1748,D108,True,92,9,1.88
CD1615,U2050,D131,True,71,6,1.13
CD1616,U1791,D102,True,91,4,2.42
CD1617,U2120,D123,True,51,3,2.92
CD1618,U2027,D191,True,48,6,1.46
CD1619,U2577,D156,True,44,10,1.19
CD1620,U2079,D130,True,72,6,3.31
CD1621,U1168,D120,True,14,4,3.23
CD1622,U1755,D156,True,95,3,2.35
CD1623,U1949,D185,True,97,3,0.99
CD1624,U2584,D156,True,92,7,1.14
CD1625,U1788,D120,True,44,7,3.62
CD1626,U2394,D143,True,93,4,0.99
CD1627,U2931,D105,True,97,5,2.83
CD1628,U1703,D104,True,67,6,1.85
CD1629,U2314,D109,True,57,3,1.36
CD1630,U2111,D133,True,72,9,2.31
CD1631,U1056,D114,True,97,3,4.61
CD1632,U2754,D143,True,100,5,3.78
CD1633,U2934,D184,True,68,4,2.23
CD1634,U1173,D125,True,77,5,2.46
CD1635,U1800,D194,True,84,4,4.08
CD1636,U2615,D143,True,99,5,4.21
CD1637,U2355,D127,True,95,10,1.68
CD1638,U2643,D136,True,74,7,3.18
CD1639,U2900,D177,True,32,4,0.46
CD1640,U1415,D116,True,46,4,3.58
CD1641,U2590,D154,True,45,10,2.71
CD1642,U1254,D112,True,80,3,2.34
CD1643,U2153,D174,True,76,3,2.64
CD1644,U1540,D107,True,25,3,2.68
CD1645,U1460,D130,True,64,3,4.01
CD1646,U2145,D193,True,60,5,2.71
CD1647,U1602,D125,True,98,9,1.81
CD1648,U1733,D168,True,97,4,2.16
CD1649,U1556,D142,True,27,3,2.64
CD1650,U1387,D143,True,50,3,0.94
CD1651,U1773,D102,True,94,6,2.72
CD1652,U2360,D159,True,78,3,3.69
CD1653,U1377,D169,True,85,5,4.51
CD1654,U1049,D157,True,72,8,2.73
CD1655,U1397,D133,True,79,5,2.7
CD1656,U2393,D112,True,55,6,2.39
CD1657,U1121,D197,True,31,7,3.45
CD1658,U1122,D185,True,22,3,3.41
CD1659,U2696,D102,True,78,3,3.26
CD1660,U2336,D198,True,36,6,1.58
CD1661,U2508,D130,True,60,6,2.39
CD1662,U2335,D194,True,97,8,3.19
CD1663,U1841,D192,True,79,4,2.04
CD1664,U1067,D182,True,86,6,3.51
CD1665,U2228,D144,True,51,4,1.22
CD1666,U1760,D165,True,91,4,2.49
CD1667,U2075,D132,True,55,4,2.17
CD1668,U1964,D147,True,62,6,2.91
CD1669,U1319,D150,True,50,5,1.69
CD1670,U1642,D186,True,81,4,3.62
CD1671,U1740,D169,True,16,6,0.86
CD1672,U1064,D150,True,68,9,3.78
CD1673,U2709,D138,True,68,4,3.26
CD1674,U1709,D104,True,93,9,3.3
CD1675,U1325,D199,True,5,10,4.49
CD1676,U2961,D113,True,77,4,3.57
CD1677,U2750,D144,True,32,5,3.71
CD1678,U2107,D148,True,53,4,3.64
CD1679,U2316,D130,True,25,6,0.53
CD1680,U2288,D101,True,84,9,2.75
CD1681,U1473,D114,True,48,8,3.39
CD1682,U2536,D150,True,82,4,4.29
CD1683,U2949,D101,True,95,3,1.44
CD1684,U1671,D131,True,69,4,1.69
CD1685,U2625,D115,True,33,7,3.87
CD1686,U2047,D114,True,91,6,2.94
CD1687,U2277,D173,True,100,4,2.38
CD1688,U2369,D129,True,35,3,0.23
CD1689,U2596,D197,True,27,4,2.12
CD1690,U2890,D113,True,52,3,2.2
CD1691,U2269,D118,True,60,4,2.25
CD1692,U1112,D133,True,93,6,3.35
CD1693,U2769,D187,True,28,6,2.97
CD1694,U2346,D103,True,87,3,2.06
CD1695,U1450,D169,True,21,6,3.71
CD1696,U2521,D152,True,93,3,1.97
CD1697,U2404,D152,True,41,4,0.34
CD1698,U2172,D105,True,53,3,2.86
CD1699,U2192,D137,True,90,6,1.82
CD1700,U2652,D136,True,41,3,1.03
CD1701,U2544,D170,True,66,7,2.9
CD1702,U2884,D149,True,91,7,2.53
CD1703,U2841,D191,True,96,4,2.46
CD1704,U2652,D127,True,84,4,1.03
CD1705,U2211,D199,True,54,6,2.85
CD1706,U1441,D146,True,37,3,1.45
CD1707,U2237,D183,True,73,5,2.65
CD1708,U2728,D129,True,46,7,3.16
CD1709,U1592,D166,True,48,4,3.11
CD1710,U2925,D169,True,87,6,3.61
CD1711,U1323,D132,True,94,5,3.55
CD1712,U2699,D103,True,32,5,4.57
CD1713,U2606,D192,True,87,10,2.29
CD1714,U1819,D142,True,89,8,2.23
CD1715,U2546,D133,True,89,4,4.05
CD1716,U1683,D145,True,98,3,1.88
CD1717,U1582,D166,True,16,3,2.5
CD1718,U1417,D142,True,97,3,3.83
CD1719,U1623,D173,True,48,8,3.29
CD1720,U1667,D156,True,67,4,4.61
CD1721,U1284,D117,True,53,3,3.47
CD1722,U2410,D118,True,20,7,3.05
CD1723,U1080,D195,True,12,5,0.52
CD1724,U2076,D135,True,97,4,2.94
CD1725,U2955,D134,True,67,8,3.23
CD1726,U1878,D114,True,92,6,1.8
CD1727,U1560,D135,True,50,6,4.74
CD1728,U2713,D100,True,76,7,4.13
CD1729,U1636,D182,True,60,4,3.26
CD1730,U1944,D145,True,63,4,2.61
CD1731,U1551,D157,True,32,3,2.75
CD1732,U1966,D130,True,62,10,4.62
CD1733,U2982,D165,True,75,3,3.36
CD1734,U2712,D147,True,11,5,2.69
CD1735,U2682,D121,True,89,3,3.76
CD1736,U2374,D106,True,71,8,2.85
CD1737,U1106,D163,True,78,10,2.68
CD1738,U1107,D149,True,9,6,4.35
CD1739,U1576,D131,True,99,3,2.28
CD1740,U1283,D145,True,7,4,2.65
CD1741,U2533,D181,True,32,7,2.29
CD1742,U2316,D112,True,4,6,0.53
CD1743,U2631,D160,True,61,3,1.68
CD1744,U2869,D131,True,62,4,1.76
CD1745,U1679,D104,True,87,4,2.57
CD1746,U1538,D173,True,74,3,1.26
CD1747,U2680,D151,True,79,6,1.82
CD1748,U2321,D180,True,25,5,2.66
CD1749,U1539,D192,True,94,3,0.26
CD1750,U2805,D126,True,82,7,4.6
CD1751,U1544,D145,True,46,3,3.18
CD1752,U1384,D179,True,64,7,2.6
CD1753,U2234,D179,True,76,4,2.68
CD1754,U2390,D180,True,96,4,4.82
CD1755,U1408,D111,True,33,5,3.12
CD1756,U1738,D179,True,80,3,3.88
CD1757,U2516,D131,True,27,3,4.35
CD1758,U1666,D110,True,67,5,4.84
CD1759,U1437,D137,True,38,6,3.4
CD1760,U1799,D149,True,72,3,3.39
CD1761,U2419,D105,True,55,7,2.47
CD1762,U2830,D189,True,80,4,1.57
CD1763,U2460,D143,True,92,8,3.01
CD1764,U1654,D100,True,70,3,4.99
CD1765,U1901,D153,True,71,3,2.08
CD1766,U2275,D114,True,79,4,4.14
CD1767,U1627,D189,True,8,6,2.78
CD1768,U2332,D198,True,36,5,3.57
CD1769,U2476,D156,True,40,3,0.87
CD1770,U2361,D186,True,56,6,2.97
CD1771,U2240,D175,True,95,3,3.66
CD1772,U1075,D188,True,57,6,3.14
CD1773,U2076,D187,True,22,3,2.94
CD1774,U1572,D122,True,56,4,4.56
CD1775,U1131,D150,True,95,4,1.27
CD1776,U1931,D159,True,53,5,2.73
CD1777,U1524,D122,True,89,5,3.44
CD1778,U1529,D190,True,17,7,2.82
CD1779,U2013,D157,True,87,6,2.08
CD1780,U1040,D193,True,89,7,2.46
CD1781,U2071,D114,True,75,7,3.35
CD1782,U2904,D147,True,15,3,4.7
CD1783,U1429,D168,True,51,3,3.07
CD1784,U2546,D163,True,87,3,4.05
CD1785,U2420,D168,True,64,10,0.27
CD1786,U2357,D145,True,99,6,4.65
CD1787,U1098,D108,True,62,5,3.48
CD1788,U2197,D108,True,83,3,2.99
CD1789,U1807,D118,True,80,9,1.02
CD1790,U2145,D109,True,78,4,2.71
CD1791,U2860,D191,True,58,8,3.42
CD1792,U1938,D176,True,63,10,3.15
CD1793,U1238,D106,True,12,5,4.32
CD1794,U2330,D120,True,66,3,1.88
CD1795,U1429,D165,True,58,3,3.07
CD1796,U1829,D127,True,97,7,1.68
CD1797,U1298,D118,True,86,6,2.88
CD1798,U2943,D136,True,19,7,4.44
CD1799,U1650,D175,True,90,9,3.73
CD1800,U2639,D126,True,18,6,3.13
CD1801,U1630,D190,True,67,10,3.3
CD1802,U2935,D105,True,96,4,2.31
CD1803,U2124,D168,True,33,8,4.8
CD1804,U1177,D161,True,66,7,1.89
CD1805,U1805,D156,True,73,3,3.76
CD1806,U2289,D109,True,20,7,2.85
CD1807,U1985,D176,True,55,4,2.95
CD1808,U2657,D156,True,76,5,1.07
CD1809,U1007,D171,True,62,6,4.02
CD1810,U1937,D128,True,47,3,4.08
CD1811,U1323,D187,True,67,3,3.55
CD1812,U2434,D191,True,34,4,4.28
CD1813,U1051,D107,True,38,4,2.73
CD1814,U1968,D157,True,79,5,2.3
CD1815,U2140,D155,True,82,3,3.73
CD1816,U2342,D101,True,81,5,3.32
CD1817,U2610,D192,True,38,3,4.12
CD1818,U2134,D108,True,62,4,3.86
CD1819,U1485,D197,True,62,5,3.34
CD1820,U1382,D117,True,90,3,3.3
CD1821,U2557,D119,True,36,5,3.68
CD1822,U1649,D110,True,65,3,2.08
CD1823,U1718,D139,True,92,6,1.67
CD1824,U1073,D133,True,95,8,2.78
CD1825,U2835,D186,True,48,4,3.61
CD1826,U2895,D102,True,100,10,0.23
CD1827,U2210,D166,True,14,4,2.66
CD1828,U2825,D154,True,79,6,0.66
CD1829,U1836,D159,True,68,7,0.73
CD1830,U1177,D184,True,48,5,1.89
CD1831,U2387,D178,True,83,5,2.69
CD1832,U1026,D130,True,46,3,0.94
CD1833,U1890,D128,True,93,4,3.68
CD1834,U1106,D119,True,49,3,2.68
CD1835,U1011,D181,True,94,4,1.17
CD1836,U1348,D147,True,34,8,3.59
CD1837,U1741,D161,True,92,3,3.7
CD1838,U1118,D143,True,39,4,3.63
CD1839,U1390,D100,True,72,4,3.02
CD1840,U1385,D146,True,72,6,1.35
CD1841,U2014,D173,True,71,4,2.06
CD1842,U1532,D124,True,72,3,1.74
CD1843,U1715,D141,True,54,3,2.54
CD1844,U1765,D158,True,43,3,3.75
CD1845,U1321,D101,True,52,6,2.73
CD1846,U1169,D154,True,99,4,3.54
CD1847,U1476,D193,True,34,6,1.74
CD1848,U2496,D149,True,62,10,2.01
CD1849,U1817,D154,True,59,8,3.3
CD1850,U2621,D184,True,78,4,3.46
CD1851,U1120,D197,True,86,3,3.04
CD1852,U1049,D148,True,19,3,2.73
CD1853,U1483,D140,True,100,4,3.14
CD1854,U1646,D154,True,72,5,3.34
CD1855,U1486,D146,True,70,3,4.08
CD1856,U1481,D180,True,79,5,3.44
CD1857,U1876,D135,True,54,5,3.11
CD1858,U2608,D108,True,55,5,2.16
CD1859,U1205,D125,True,94,5,2.96
CD1860,U1462,D105,True,51,4,3.05
CD1861,U1107,D149,True,81,3,4.35
CD1862,U1569,D143,True,50,5,2.91
CD1863,U2096,D119,True,70,3,1.21
CD1864,U1088,D120,True,40,4,3.09
CD1865,U1332,D150,True,55,3,3.86
CD1866,U1047,D115,True,42,3,3.4
CD1867,U1381,D174,True,49,5,3.17
CD1868,U2061,D119,True,47,4,3.11
CD1869,U1996,D188,True,69,4,0.23
CD1870,U2675,D127,True,78,6,3.45
CD1871,U1419,D106,True,99,4,1.52
CD1872,U1982,D149,True,82,7,3.42
CD1873,U1458,D126,True,77,7,3.96
CD1874,U2590,D111,True,59,3,2.71
CD1875,U2565,D126,True,44,5,4.96
CD1876,U1865,D155,True,56,10,2.39
CD1877,U2162,D170,True,71,10,2.22
CD1878,U1936,D123,True,84,10,3.16
CD1879,U1410,D186,True,18,3,1.73
CD1880,U1223,D169,True,62,3,3.32
CD1881,U2383,D136,True,50,10,2.7
CD1882,U1099,D180,True,49,3,2.87
CD1883,U2759,D115,True,47,4,2.42
CD1884,U1920,D175,True,26,6,2.54
CD1885,U2264,D163,True,71,5,1.3
CD1886,U2385,D194,True,42,7,3.3
CD1887,U1832,D167,True,75,4,4.61
CD1888,U1219,D139,True,100,4,3.55
CD1889,U1303,D131,True,64,4,3.41
CD1890,U2789,D185,True,66,8,3.17
CD1891,U1072,D120,True,60,3,1.0
CD1892,U1847,D105,True,42,8,1.99
CD1893,U1727,D113,True,27,4,3.74
CD1894,U1886,D163,True,85,6,2.46
CD1895,U2972,D195,True,31,4,3.9
CD1896,U1070,D126,True,80,3,4.25
CD1897,U1775,D149,True,40,10,0.25
CD1898,U1428,D167,True,29,6,4.29
CD1899,U1558,D106,True,95,3,2.61
CD1900,U1412,D118,True,97,8,3.32
CD1901,U1525,D174,True,41,3,2.4
CD1902,U2763,D156,True,76,4,1.95
CD1903,U1464,D129,True,46,3,2.66
CD1904,U1765,D179,True,40,5,3.75
CD1905,U1869,D168,True,60,5,3.08
CD1906,U2747,D139,True,29,3,2.53
CD1907,U2953,D128,True,74,3,3.68
CD1908,U2110,D143,True,93,4,2.77
CD1909,U2950,D126,True,63,6,2.82
CD1910,U1744,D191,True,53,5,1.62
CD1911,U1374,D162,True,64,5,0.53
CD1912,U2245,D122,True,76,3,3.93
CD1913,U1895,D182,True,40,5,0.8
CD1914,U1160,D181,True,43,10,2.09
CD1915,U1757,D120,True,46,7,3.42
CD1916,U1254,D126,True,50,3,2.34
CD1917,U1484,D165,True,70,5,1.41
CD1918,U2345,D173,True,14,5,2.25
CD1919,U2331,D194,True,60,3,3.12
CD1920,U2642,D132,True,97,7,1.23
CD1921,U1315,D139,True,99,3,1.21
CD1922,U2084,D105,True,52,6,3.95
CD1923,U1072,D136,True,13,6,1.0
CD1924,U1370,D150,True,87,3,2.65
CD1925,U1442,D104,True,52,4,4.89
CD1926,U2853,D142,True,90,8,3.77
CD1927,U1696,D137,True,65,4,3.69
CD1928,U1777,D127,True,73,10,3.88
CD1929,U1470,D172,True,95,5,2.7
CD1930,U2113,D180,True,54,5,3.95
CD1931,U1536,D143,True,97,4,4.14
CD1932,U2081,D181,True,90,6,2.22
CD1933,U1253,D183,True,84,3,3.75
CD1934,U1712,D132,True,93,8,4.17
CD1935,U1563,D146,True,81,9,3.3
CD1936,U1392,D147,True,90,8,3.48
CD1937,U1538,D158,True,92,3,1.26
CD1938,U1082,D146,True,99,8,3.28
CD1939,U1216,D116,True,8,5,2.77
CD1940,U1691,D124,True,24,10,2.18
CD1941,U1992,D110,True,65,3,2.41
CD1942,U2474,D188,True,69,4,2.09
CD1943,U1318,D105,True,93,5,3.16
CD1944,U1858,D159,True,23,3,2.91
CD1945,U2955,D173,True,62,3,3.23
CD1946,U1716,D111,True,31,3,2.55
CD1947,U2210,D106,True,79,6,2.66
CD1948,U1080,D122,True,10,10,0.52
CD1949,U1248,D124,True,9,6,2.35
CD1950,U1933,D146,True,99,6,3.01
CD1951,U1490,D164,True,94,3,3.15
CD1952,U2816,D106,True,74,10,3.02
CD1953,U1844,D177,True,93,5,3.73
CD1954,U2790,D177,True,63,4,0.86
CD1955,U2813,D156,True,30,3,4.65
CD1956,U1607,D107,True,91,3,4.18
CD1957,U2758,D136,True,11,3,2.16
CD1958,U2468,D134,True,61,4,2.39
CD1959,U1239,D107,True,37,8,1.98
CD1960,U1375,D150,True,84,3,4.3
CD1961,U2023,D108,True,77,10,3.85
CD1962,U2871,D186,True,65,3,3.84
CD1963,U1790,D147,True,85,6,3.07
CD1964,U1935,D158,True,85,6,2.5
CD1965,U1276,D123,True,15,8,3.44
CD1966,U1334,D134,True,42,3,1.51
CD1967,U1941,D101,True,56,4,2.9
CD1968,U2129,D118,True,74,3,4.28
CD1969,U1516,D183,True,95,5,3.78
CD1970,U2209,D162,True,74,4,3.76
CD1971,U1658,D155,True,95,5,3.21
CD1972,U1103,D120,True,93,4,3.62
CD1973,U1282,D163,True,36,8,3.77
CD1974,U1800,D192,True,74,10,4.08
CD1975,U1657,D164,True,30,4,2.93
CD1976,U2555,D124,True,18,4,3.17
CD1977,U1256,D133,True,84,4,3.79
CD1978,U2035,D107,True,81,4,4.54
CD1979,U2773,D123,True,41,4,2.69
CD1980,U1530,D162,True,60,6,3.6
CD1981,U1555,D117,True,88,4,0.83
CD1982,U2284,D162,True,49,6,1.7
CD1983,U2602,D121,True,99,10,3.15
CD1984,U1943,D168,True,66,5,2.94
CD1985,U1010,D162,True,63,8,2.95
CD1986,U1007,D108,True,64,3,4.02
CD1987,U2450,D160,True,96,4,2.85
CD1988,U1288,D165,True,74,7,4.08
CD1989,U1753,D153,True,96,6,2.3
CD1990,U1239,D156,True,20,5,1.98
CD1991,U2415,D154,True,27,6,3.19
CD1992,U1592,D101,True,43,4,3.11
CD1993,U1357,D133,True,99,4,3.23
CD1994,U2575,D127,True,23,10,3.48
CD1995,U2800,D196,True,67,5,3.1
CD1996,U2895,D120,True,52,6,0.23
CD1997,U1763,D197,True,98,3,3.32
CD1998,U1474,D177,True,37,3,4.4
CD1999,U2635,D137,True,62,3,2.05
