cancelation_id,rider_id,driver_id,arrived,distance_from_pin,wait_time,rider_rating,rider_cancelation_rate,cancelation_time
CR1000,U1191,D126,False,131,,3.09,4.5,13
CR1001,U2905,D152,True,295,1.0,3.31,6.46,0
CR1002,U1062,D138,True,153,3.0,3.51,63.16,0
CR1003,U1029,D103,False,394,,2.64,32.66,9
CR1004,U2947,D135,True,65,1.0,2.95,29.58,0
CR1005,U1684,D182,False,226,,2.03,54.04,5
CR1006,U2105,D155,False,77,,3.3,12.12,9
CR1007,U2719,D151,True,86,2.0,2.77,53.53,0
CR1008,U1916,D116,False,243,,2.68,12.96,1
CR1009,U2831,D198,False,264,,3.14,25.66,15
CR1010,U2166,D126,True,113,7.0,4.27,2.51,0
CR1011,U1179,D120,False,164,,3.11,54.55,1
CR1012,U1776,D143,True,259,3.0,2.8,35.73,0
CR1013,U1428,D156,True,105,3.0,4.29,22.96,0
CR1014,U1797,D158,False,158,,4.11,8.57,19
CR1015,U2258,D188,False,86,,4.49,15.48,16
CR1016,U1500,D181,False,122,,3.27,33.11,24
CR1017,U1863,D145,False,490,,1.74,0.0,11
CR1018,U2569,D122,False,262,,4.7,16.86,5
CR1019,U1647,D158,True,210,8.0,0.84,46.92,0
CR1020,U1491,D131,True,150,2.0,0.3,48.15,0
CR1021,U2469,D102,True,166,1.0,2.91,31.84,0
CR1022,U1818,D112,False,217,,1.72,36.95,2
CR1023,U2975,D125,True,114,5.0,4.1,15.34,0
CR1024,U2762,D198,True,140,6.0,1.07,77.48,0
CR1025,U2347,D194,True,35,4.0,2.97,33.65,0
CR1026,U1168,D115,False,379,,3.23,24.49,13
CR1027,U2073,D102,True,265,4.0,4.94,8.93,0
CR1028,U2318,D129,False,150,,1.74,35.92,8
CR1029,U1688,D146,False,204,,3.44,38.33,6
CR1030,U2185,D131,True,272,2.0,0.39,56.08,0
CR1031,U2896,D116,True,388,1.0,2.85,11.01,0
CR1032,U1830,D103,True,437,7.0,3.31,37.74,0
CR1033,U1706,D141,True,131,1.0,3.43,10.29,0
CR1034,U1963,D145,False,83,,3.57,23.62,10
CR1035,U2955,D168,True,265,5.0,3.23,32.65,0
CR1036,U2234,D133,True,133,1.0,2.68,32.19,0
CR1037,U2129,D141,False,195,,4.28,15.14,6
CR1038,U1854,D136,True,201,2.0,3.4,18.71,0
CR1039,U2246,D146,False,38,,2.97,26.19,1
CR1040,U1442,D160,False,313,,4.89,18.0,14
CR1041,U1569,D162,True,396,2.0,2.91,0.0,0
CR1042,U1525,D157,False,128,,2.4,94.48,1
CR1043,U1581,D179,False,127,,2.67,23.73,14
CR1044,U1158,D104,False,150,,3.05,27.57,11
CR1045,U2375,D199,False,148,,4.71,0.87,13
CR1046,U2616,D193,True,206,10.0,0.38,82.35,0
CR1047,U2138,D149,True,301,1.0,1.38,92.0,0
CR1048,U2127,D185,False,220,,3.29,26.09,9
CR1049,U1375,D135,True,86,2.0,4.3,16.9,0
CR1050,U2148,D192,True,121,3.0,2.88,37.97,0
CR1051,U1551,D145,False,264,,2.75,36.02,9
CR1052,U1044,D167,False,110,,1.5,30.33,3
CR1053,U1313,D133,True,247,10.0,3.91,32.05,0
CR1054,U2389,D176,False,257,,1.13,74.0,1
CR1055,U2570,D163,True,226,2.0,3.15,26.42,0
CR1056,U2259,D105,True,236,8.0,2.87,25.0,0
CR1057,U2358,D189,False,101,,1.64,94.0,1
CR1058,U2777,D153,False,255,,3.45,37.66,19
CR1059,U2038,D156,True,38,4.0,4.52,18.0,0
CR1060,U2522,D189,False,67,,1.06,64.29,6
CR1061,U2214,D135,True,217,4.0,2.01,59.11,0
CR1062,U1703,D141,False,87,,1.85,56.52,3
CR1063,U2033,D139,False,190,,3.39,36.94,1
CR1064,U1643,D171,False,423,,3.33,37.89,2
CR1065,U2242,D194,True,232,3.0,2.47,30.42,0
CR1066,U1107,D156,True,161,2.0,4.35,1.79,0
CR1067,U2410,D184,False,229,,3.05,29.25,5
CR1068,U2694,D118,False,259,,2.64,29.63,2
CR1069,U2160,D131,False,94,,2.86,13.95,21
CR1070,U2059,D113,True,70,10.0,0.81,59.66,0
CR1071,U2255,D121,False,84,,2.54,25.73,5
CR1072,U2919,D103,False,161,,0.68,71.12,8
CR1073,U2190,D125,True,17,10.0,3.18,14.7,0
CR1074,U2252,D140,False,311,,3.31,27.82,20
CR1075,U2485,D107,False,269,,3.03,38.81,5
CR1076,U2042,D130,False,65,,3.26,30.23,9
CR1077,U1390,D108,True,286,2.0,3.02,23.18,0
CR1078,U1140,D122,False,179,,4.02,12.83,3
CR1079,U2018,D189,False,378,,2.66,30.22,13
CR1080,U1095,D127,True,298,1.0,4.56,17.53,0
CR1081,U1284,D116,True,156,3.0,3.47,37.27,0
CR1082,U1443,D164,False,56,,3.31,36.93,12
CR1083,U2706,D132,True,172,2.0,2.44,35.66,0
CR1084,U2023,D194,True,126,2.0,3.85,31.15,0
CR1085,U1094,D100,True,365,3.0,3.76,44.44,0
CR1086,U2158,D186,True,218,4.0,3.12,0.0,0
CR1087,U1137,D109,True,144,5.0,3.61,88.04,0
CR1088,U2244,D171,False,129,,3.3,36.43,1
CR1089,U2916,D195,True,222,9.0,3.35,19.74,0
CR1090,U1009,D155,True,375,1.0,3.11,27.72,0
CR1091,U1874,D192,False,229,,3.45,27.93,2
CR1092,U2091,D132,True,170,2.0,0.74,66.9,0
CR1093,U2704,D190,False,67,,4.1,11.35,9
CR1094,U2556,D187,False,338,,2.48,36.81,8
CR1095,U2792,D146,False,396,,3.48,8.54,13
CR1096,U1023,D128,True,91,5.0,4.49,26.41,0
CR1097,U1699,D150,False,80,,2.98,18.79,1
CR1098,U1285,D184,False,273,,3.29,29.8,13
CR1099,U1375,D169,True,341,5.0,4.3,16.9,0
CR1100,U1411,D181,True,485,1.0,0.84,50.4,0
CR1101,U1470,D188,True,373,1.0,2.7,32.52,0
CR1102,U1257,D162,True,124,2.0,3.47,3.5,0
CR1103,U2026,D186,False,481,,3.12,29.27,10
CR1104,U2549,D194,True,117,3.0,3.13,33.72,0
CR1105,U2080,D143,True,63,2.0,3.5,0.0,0
CR1106,U1250,D193,False,213,,2.85,22.36,1
CR1107,U2641,D184,False,133,,2.59,21.04,1
CR1108,U1090,D152,False,495,,0.9,78.48,11
CR1109,U2849,D154,True,100,6.0,2.46,37.77,0
CR1110,U1869,D128,False,194,,3.08,21.99,2
CR1111,U1624,D187,False,102,,3.33,42.22,10
CR1112,U2146,D139,True,22,1.0,4.08,27.08,0
CR1113,U2220,D139,True,500,1.0,4.72,17.71,0
CR1114,U1388,D170,False,39,,4.55,10.71,14
CR1115,U2982,D147,True,212,1.0,3.36,38.24,0
CR1116,U1774,D136,True,118,3.0,2.39,2.94,0
CR1117,U1326,D172,False,182,,3.33,2.88,9
CR1118,U1570,D116,False,173,,3.24,37.93,9
CR1119,U1392,D127,False,221,,3.48,4.62,1
CR1120,U2591,D111,False,349,,3.55,25.94,18
CR1121,U1242,D148,False,91,,2.15,21.05,4
CR1122,U1027,D113,False,209,,1.3,92.9,1
CR1123,U2744,D136,False,102,,4.56,11.32,6
CR1124,U2155,D187,True,175,1.0,3.78,5.98,0
CR1125,U2829,D114,True,125,1.0,2.21,20.98,0
CR1126,U1023,D109,True,201,1.0,4.49,26.41,0
CR1127,U1657,D124,True,96,1.0,2.93,26.5,0
CR1128,U1746,D105,True,133,1.0,3.01,33.33,0
CR1129,U1355,D143,False,242,,0.21,41.89,6
CR1130,U2217,D178,False,226,,2.22,26.19,2
CR1131,U1845,D170,False,21,,3.67,35.78,3
CR1132,U1334,D196,False,296,,1.51,48.75,12
CR1133,U1588,D199,False,315,,2.6,18.92,1
CR1134,U1075,D162,True,263,2.0,3.14,27.27,0
CR1135,U1863,D121,False,321,,1.74,0.0,1
CR1136,U1320,D182,True,16,6.0,3.04,22.26,0
CR1137,U2224,D175,True,170,5.0,2.44,18.75,0
CR1138,U2396,D156,True,165,5.0,0.16,68.06,0
CR1139,U1661,D125,True,107,4.0,3.16,0.47,0
CR1140,U2986,D162,False,259,,4.07,6.99,14
CR1141,U1636,D170,False,105,,3.26,26.76,1
CR1142,U1656,D108,True,36,4.0,3.19,18.63,0
CR1143,U2149,D173,True,242,1.0,2.65,31.36,0
CR1144,U2655,D149,True,338,10.0,1.68,70.59,0
CR1145,U1849,D123,True,118,1.0,4.41,16.77,0
CR1146,U1108,D131,True,178,4.0,1.03,78.41,0
CR1147,U1769,D123,True,61,3.0,3.58,29.27,0
CR1148,U2097,D167,True,280,2.0,3.54,9.5,0
CR1149,U1239,D137,False,109,,1.98,76.6,10
CR1150,U1015,D124,False,32,,4.47,17.19,8
CR1151,U2695,D157,True,214,10.0,3.33,0.0,0
CR1152,U2943,D135,True,86,1.0,4.44,17.27,0
CR1153,U1086,D179,True,205,4.0,4.07,25.0,0
CR1154,U2944,D109,True,147,6.0,3.17,16.67,0
CR1155,U2612,D173,True,263,3.0,3.04,28.95,0
CR1156,U1139,D115,True,62,1.0,4.06,35.08,0
CR1157,U2669,D144,False,139,,3.56,0.0,3
CR1158,U1616,D175,False,29,,3.37,28.33,8
CR1159,U2411,D112,False,271,,0.95,75.0,8
CR1160,U2150,D155,True,220,6.0,2.05,33.33,0
CR1161,U1780,D141,False,281,,1.15,63.51,12
CR1162,U2962,D124,False,309,,1.52,38.1,1
CR1163,U1907,D144,False,119,,3.28,30.24,3
CR1164,U2971,D136,True,181,5.0,3.14,20.0,0
CR1165,U2956,D140,False,442,,3.4,28.04,6
CR1166,U1814,D119,False,80,,3.04,6.88,1
CR1167,U1251,D154,True,202,4.0,4.37,11.48,0
CR1168,U1974,D177,True,57,4.0,2.97,42.31,0
CR1169,U1534,D131,False,56,,1.44,41.28,1
CR1170,U2658,D135,False,420,,2.79,36.41,2
CR1171,U2073,D148,False,219,,4.94,8.93,1
CR1172,U2344,D193,True,26,4.0,2.14,51.37,0
CR1173,U1201,D149,True,228,3.0,2.31,56.35,0
CR1174,U1145,D181,False,192,,3.28,20.0,1
CR1175,U1625,D135,True,222,5.0,3.27,26.47,0
CR1176,U1151,D147,True,361,3.0,1.24,70.85,0
CR1177,U2779,D186,False,48,,3.17,7.41,7
CR1178,U1167,D168,True,285,4.0,2.42,22.73,0
CR1179,U2769,D185,True,244,1.0,2.97,24.06,0
CR1180,U2339,D166,False,203,,4.28,2.31,9
CR1181,U1137,D113,True,383,4.0,3.61,88.04,0
CR1182,U2035,D155,False,201,,4.54,14.56,1
CR1183,U1925,D133,False,227,,3.83,4.88,1
CR1184,U1854,D172,False,187,,3.4,18.71,1
CR1185,U1056,D141,True,182,3.0,4.61,17.26,0
CR1186,U1116,D127,False,500,,4.96,2.61,23
CR1187,U1570,D188,True,218,3.0,3.24,37.93,0
CR1188,U2858,D169,False,91,,2.93,31.3,3
CR1189,U2190,D191,True,299,1.0,3.18,14.7,0
CR1190,U2136,D141,False,63,,3.61,14.62,19
CR1191,U1050,D116,True,102,4.0,0.47,74.61,0
CR1192,U1361,D114,True,207,9.0,1.81,88.27,0
CR1193,U1979,D148,True,132,1.0,3.65,22.48,0
CR1194,U1060,D125,False,72,,4.83,3.33,2
CR1195,U1432,D145,False,232,,2.64,23.81,11
CR1196,U1229,D199,False,161,,2.87,19.72,10
CR1197,U1714,D123,True,93,3.0,2.09,57.2,0
CR1198,U2284,D134,False,93,,1.7,87.92,1
CR1199,U1657,D140,True,156,1.0,2.93,26.5,0
CR1200,U2408,D174,True,131,5.0,3.23,47.89,0
CR1201,U1450,D100,False,235,,3.71,10.47,7
CR1202,U1412,D152,True,233,6.0,3.32,36.02,0
CR1203,U1136,D136,True,374,1.0,3.4,16.16,0
CR1204,U1240,D165,False,187,,3.23,23.16,5
CR1205,U1470,D182,True,109,2.0,2.7,32.52,0
CR1206,U2964,D156,True,441,5.0,0.82,90.1,0
CR1207,U2606,D174,True,249,1.0,2.29,38.1,0
CR1208,U2717,D182,True,89,3.0,1.01,65.81,0
CR1209,U1469,D112,True,119,3.0,1.09,85.62,0
CR1210,U2568,D107,True,198,2.0,4.31,25.69,0
CR1211,U1914,D115,True,216,1.0,2.79,37.5,0
CR1212,U2473,D146,True,346,2.0,4.84,3.24,0
CR1213,U2015,D126,True,235,4.0,3.66,36.67,0
CR1214,U2232,D187,True,97,7.0,0.32,56.2,0
CR1215,U1585,D125,False,101,,2.18,20.12,1
CR1216,U2003,D182,False,108,,2.49,31.2,9
CR1217,U2484,D171,True,372,1.0,2.63,38.27,0
CR1218,U2850,D125,True,85,1.0,1.82,42.42,0
CR1219,U2776,D119,False,154,,2.58,11.11,14
CR1220,U1512,D159,True,94,4.0,2.55,61.02,0
CR1221,U2240,D139,False,187,,3.66,3.03,7
CR1222,U1840,D156,True,225,4.0,3.49,13.78,0
CR1223,U2221,D130,True,178,3.0,3.52,28.54,0
CR1224,U2189,D125,True,313,10.0,1.91,45.03,0
CR1225,U1277,D153,True,251,5.0,4.68,16.03,0
CR1226,U1585,D109,True,214,5.0,2.18,20.12,0
CR1227,U2724,D153,False,215,,1.48,35.58,9
CR1228,U2782,D160,True,500,2.0,1.97,10.27,0
CR1229,U2042,D121,False,170,,3.26,30.23,11
CR1230,U2338,D187,False,445,,4.08,35.71,1
CR1231,U2536,D122,False,76,,4.29,12.82,14
CR1232,U2540,D111,False,364,,2.68,26.73,12
CR1233,U1649,D173,False,364,,2.08,94.12,1
CR1234,U1434,D124,True,300,5.0,2.84,39.2,0
CR1235,U1083,D174,False,329,,1.99,23.08,16
CR1236,U1705,D173,True,298,5.0,3.53,24.59,0
CR1237,U1858,D176,True,176,3.0,2.91,36.41,0
CR1238,U2779,D135,True,93,4.0,3.17,7.41,0
CR1239,U2654,D114,False,76,,1.86,71.67,6
CR1240,U2398,D174,True,29,3.0,3.9,38.38,0
CR1241,U1613,D140,False,500,,2.09,32.31,9
CR1242,U2139,D171,True,284,1.0,2.57,21.29,0
CR1243,U2812,D121,False,500,,3.31,25.91,10
CR1244,U1794,D134,False,361,,2.95,19.05,8
CR1245,U2272,D124,False,135,,4.16,37.21,12
CR1246,U1520,D106,True,355,5.0,4.57,11.59,0
CR1247,U2233,D169,True,33,7.0,3.47,9.36,0
CR1248,U1120,D104,True,191,6.0,3.04,38.15,0
CR1249,U1613,D131,True,146,3.0,2.09,32.31,0
CR1250,U2831,D165,True,21,2.0,3.14,25.66,0
CR1251,U1716,D112,False,121,,2.55,24.14,1
CR1252,U2129,D110,True,159,4.0,4.28,15.14,0
CR1253,U2640,D184,False,278,,4.13,7.93,11
CR1254,U2154,D123,False,166,,2.67,20.92,7
CR1255,U1193,D119,False,419,,3.51,7.25,4
CR1256,U2143,D180,False,358,,3.35,30.0,9
CR1257,U1173,D194,False,445,,2.46,73.37,30
CR1258,U1931,D157,False,376,,2.73,10.43,22
CR1259,U2655,D138,False,464,,1.68,70.59,13
CR1260,U1188,D159,False,421,,1.16,85.0,1
CR1261,U1610,D129,True,314,1.0,3.55,25.49,0
CR1262,U2484,D152,True,141,1.0,2.63,38.27,0
CR1263,U1599,D190,True,500,8.0,3.85,25.06,0
CR1264,U2495,D120,True,249,10.0,4.66,8.54,0
CR1265,U1613,D103,False,71,,2.09,32.31,14
CR1266,U2673,D122,False,211,,3.24,31.58,1
CR1267,U1573,D114,False,225,,3.25,29.13,2
CR1268,U1618,D197,True,500,6.0,2.07,33.33,0
CR1269,U2542,D122,True,207,10.0,1.09,89.93,0
CR1270,U1365,D178,False,121,,4.13,29.42,7
CR1271,U2478,D134,True,215,2.0,1.85,6.9,0
CR1272,U1040,D192,False,148,,2.46,26.38,11
CR1273,U2161,D160,True,144,2.0,0.93,95.71,0
CR1274,U2292,D101,True,326,2.0,2.11,96.85,0
CR1275,U2038,D137,False,157,,4.52,18.0,12
CR1276,U2531,D134,False,194,,1.79,78.36,10
CR1277,U2934,D126,False,267,,2.23,39.02,13
CR1278,U2764,D163,False,301,,2.34,39.52,24
CR1279,U1126,D105,False,180,,0.87,44.62,16
CR1280,U2666,D111,False,71,,1.91,68.42,5
CR1281,U2644,D145,False,235,,1.24,41.12,7
CR1282,U1423,D160,True,68,4.0,2.95,37.84,0
CR1283,U2059,D118,True,57,2.0,0.81,59.66,0
CR1284,U2709,D160,False,227,,3.26,20.24,6
CR1285,U1725,D170,True,347,2.0,2.85,22.95,0
CR1286,U1515,D116,True,169,3.0,3.48,20.43,0
CR1287,U2263,D189,False,268,,2.67,25.86,8
CR1288,U2190,D100,False,45,,3.18,14.7,27
CR1289,U2033,D104,True,90,1.0,3.39,36.94,0
CR1290,U1618,D133,False,287,,2.07,33.33,3
CR1291,U1902,D134,False,419,,3.64,20.16,4
CR1292,U1486,D151,True,92,9.0,4.08,6.67,0
CR1293,U1200,D155,False,85,,4.69,8.56,19
CR1294,U2619,D169,False,297,,3.51,30.58,3
CR1295,U2860,D138,True,255,5.0,3.42,25.93,0
CR1296,U1080,D136,False,265,,0.52,72.33,16
CR1297,U1977,D159,False,78,,3.68,13.68,7
CR1298,U1121,D184,False,196,,3.45,23.44,16
CR1299,U1491,D101,True,318,3.0,0.3,48.15,0
CR1300,U1468,D126,False,113,,1.47,98.3,14
CR1301,U1371,D178,False,72,,2.22,36.94,13
CR1302,U1072,D112,True,189,1.0,1.0,61.01,0
CR1303,U1099,D170,False,111,,2.87,21.82,5
CR1304,U1437,D173,False,53,,3.4,24.0,4
CR1305,U2499,D121,True,272,2.0,2.22,23.81,0
CR1306,U2193,D137,False,65,,2.88,31.11,12
CR1307,U1109,D186,True,161,7.0,4.64,18.92,0
CR1308,U2366,D132,True,17,4.0,1.94,49.6,0
CR1309,U2730,D112,False,63,,2.13,30.0,9
CR1310,U1686,D123,False,224,,0.98,64.88,6
CR1311,U1072,D166,True,84,2.0,1.0,61.01,0
CR1312,U1636,D128,False,235,,3.26,26.76,8
CR1313,U1450,D123,True,254,7.0,3.71,10.47,0
CR1314,U1064,D182,False,111,,3.78,17.75,27
CR1315,U2667,D198,True,402,3.0,2.16,67.02,0
CR1316,U1175,D120,True,483,2.0,3.18,30.4,0
CR1317,U1371,D156,True,258,1.0,2.22,36.94,0
CR1318,U2638,D109,True,406,3.0,3.3,21.43,0
CR1319,U1669,D149,True,123,10.0,3.67,17.83,0
CR1320,U2061,D189,True,374,1.0,3.11,20.09,0
CR1321,U2113,D115,True,343,1.0,3.95,29.9,0
CR1322,U2751,D113,False,247,,3.43,3.77,5
CR1323,U1285,D158,True,240,2.0,3.29,29.8,0
CR1324,U1520,D152,False,238,,4.57,11.59,4
CR1325,U1740,D141,False,388,,0.86,41.29,6
CR1326,U1191,D167,False,260,,3.09,4.5,11
CR1327,U2500,D139,False,87,,3.66,2.48,6
CR1328,U2413,D177,False,136,,2.16,50.0,5
CR1329,U1402,D132,False,210,,2.33,32.6,3
CR1330,U1614,D114,False,185,,1.61,64.29,6
CR1331,U2140,D193,True,132,4.0,3.73,38.16,0
CR1332,U1009,D109,True,221,4.0,3.11,27.72,0
CR1333,U1885,D101,False,168,,2.98,10.18,10
CR1334,U2278,D167,False,166,,3.07,25.27,16
CR1335,U1063,D185,True,231,4.0,2.31,56.8,0
CR1336,U1429,D148,False,359,,3.07,38.89,2
CR1337,U1070,D142,True,180,2.0,4.25,9.34,0
CR1338,U2465,D116,False,259,,3.92,15.2,1
CR1339,U2110,D187,False,67,,2.77,31.01,8
CR1340,U1800,D196,False,294,,4.08,33.9,4
CR1341,U1777,D162,True,160,3.0,3.88,37.39,0
CR1342,U2338,D105,False,410,,4.08,35.71,1
CR1343,U2182,D167,True,30,5.0,3.23,2.79,0
CR1344,U1292,D101,True,239,3.0,2.79,21.05,0
CR1345,U1463,D119,False,271,,3.34,35.71,5
CR1346,U2454,D120,True,66,5.0,3.21,27.17,0
CR1347,U1950,D171,False,367,,2.62,31.58,1
CR1348,U1960,D123,True,54,8.0,4.87,20.86,0
CR1349,U1501,D172,False,190,,2.74,38.96,1
CR1350,U1716,D141,True,274,5.0,2.55,24.14,0
CR1351,U1531,D187,False,136,,3.53,28.43,4
CR1352,U2285,D186,False,143,,2.67,34.57,7
CR1353,U2868,D138,True,128,2.0,3.06,30.31,0
CR1354,U1591,D124,True,26,2.0,3.55,28.67,0
CR1355,U1979,D131,False,104,,3.65,22.48,7
CR1356,U2354,D109,False,47,,4.19,11.21,1
CR1357,U1411,D113,False,133,,0.84,50.4,11
CR1358,U1071,D178,False,91,,1.43,40.16,3
CR1359,U2388,D135,True,118,7.0,4.35,10.87,0
CR1360,U2525,D174,False,376,,3.14,37.85,6
CR1361,U1901,D185,False,393,,2.08,96.71,10
CR1362,U2021,D177,True,97,4.0,1.48,59.81,0
CR1363,U1928,D160,False,274,,3.58,32.0,21
CR1364,U1051,D146,False,182,,2.73,33.01,7
CR1365,U2824,D184,True,182,1.0,1.16,63.36,0
CR1366,U1014,D198,True,232,1.0,2.31,20.0,0
CR1367,U2033,D181,False,153,,3.39,36.94,1
CR1368,U1770,D123,True,169,1.0,2.78,31.49,0
CR1369,U1842,D143,True,181,1.0,4.4,18.09,0
CR1370,U2731,D123,True,255,1.0,1.6,85.39,0
CR1371,U2721,D146,True,261,4.0,2.53,61.74,0
CR1372,U1714,D109,False,203,,2.09,57.2,6
CR1373,U1308,D109,True,295,4.0,2.11,33.77,0
CR1374,U2904,D138,False,57,,4.7,0.41,6
CR1375,U2033,D195,True,177,1.0,3.39,36.94,0
CR1376,U1306,D102,True,185,7.0,2.54,77.8,0
CR1377,U2636,D117,False,451,,1.76,24.18,7
CR1378,U2978,D169,True,231,2.0,2.29,51.06,0
CR1379,U1537,D162,True,190,1.0,2.9,31.45,0
CR1380,U1161,D149,False,275,,2.22,77.44,17
CR1381,U2581,D105,True,254,3.0,3.22,22.73,0
CR1382,U2768,D117,True,100,1.0,3.17,21.29,0
CR1383,U2435,D178,True,181,10.0,3.82,35.38,0
CR1384,U1460,D126,False,327,,4.01,2.9,11
CR1385,U1176,D114,True,170,4.0,2.23,29.21,0
CR1386,U2866,D181,False,196,,1.82,82.57,7
CR1387,U2796,D157,False,290,,3.48,32.65,13
CR1388,U1192,D122,False,206,,3.08,26.52,11
CR1389,U2056,D158,True,202,1.0,3.84,22.73,0
CR1390,U1218,D183,False,251,,2.6,35.0,1
CR1391,U1274,D133,False,277,,2.21,31.74,2
CR1392,U1801,D130,False,257,,3.48,20.55,11
CR1393,U1313,D106,True,55,2.0,3.91,32.05,0
CR1394,U2665,D174,False,428,,3.9,33.42,10
CR1395,U1461,D164,False,238,,4.49,17.52,5
CR1396,U1416,D104,True,298,8.0,4.77,23.81,0
CR1397,U2106,D102,False,195,,3.43,22.03,21
CR1398,U2927,D186,False,82,,0.85,95.16,27
CR1399,U1104,D189,False,126,,4.08,16.55,1
CR1400,U1454,D142,False,231,,4.71,0.33,1
CR1401,U1828,D182,False,159,,3.56,92.92,1
CR1402,U2999,D113,False,105,,4.01,1.04,12
CR1403,U2819,D146,False,110,,2.76,28.1,8
CR1404,U1434,D171,True,123,1.0,2.84,39.2,0
CR1405,U2116,D186,True,124,4.0,3.44,30.85,0
CR1406,U1887,D128,False,90,,3.21,20.97,17
CR1407,U2534,D161,False,380,,3.15,30.97,2
CR1408,U2833,D144,False,246,,3.63,35.85,1
CR1409,U2450,D168,True,431,3.0,2.85,21.38,0
CR1410,U2451,D173,False,80,,3.96,10.71,7
CR1411,U1863,D182,True,322,5.0,1.74,0.0,0
CR1412,U1872,D118,True,409,1.0,3.03,18.24,0
CR1413,U1857,D172,False,332,,2.96,9.65,8
CR1414,U1928,D104,True,187,6.0,3.58,32.0,0
CR1415,U1381,D108,True,418,6.0,3.17,40.0,0
CR1416,U2433,D115,True,68,1.0,3.47,13.16,0
CR1417,U2540,D188,False,61,,2.68,26.73,6
CR1418,U1672,D160,False,235,,2.15,22.44,14
CR1419,U1377,D164,True,89,5.0,4.51,10.53,0
CR1420,U2919,D124,True,92,3.0,0.68,71.12,0
CR1421,U2144,D114,False,345,,4.21,18.06,5
CR1422,U2372,D175,False,88,,3.77,38.11,7
CR1423,U2482,D149,False,123,,3.62,5.8,12
CR1424,U1125,D179,False,55,,3.35,55.62,5
CR1425,U2362,D150,True,406,10.0,1.93,38.32,0
CR1426,U1042,D182,True,69,2.0,2.66,0.0,0
CR1427,U1368,D150,True,32,2.0,3.67,6.47,0
CR1428,U1168,D119,False,138,,3.23,24.49,1
CR1429,U2580,D103,True,30,3.0,3.47,9.21,0
CR1430,U2181,D171,False,231,,1.23,46.3,1
CR1431,U1804,D160,True,128,4.0,3.86,32.16,0
CR1432,U1858,D193,False,138,,2.91,36.41,8
CR1433,U2041,D195,False,290,,3.76,0.0,2
CR1434,U1478,D186,True,147,5.0,1.46,68.66,0
CR1435,U2221,D163,False,500,,3.52,28.54,1
CR1436,U2988,D107,True,51,5.0,2.74,69.64,0
CR1437,U2389,D149,True,343,4.0,1.13,74.0,0
CR1438,U1325,D155,False,181,,4.49,13.91,8
CR1439,U1612,D174,True,174,5.0,4.04,23.88,0
CR1440,U1815,D111,False,168,,0.93,67.99,6
CR1441,U1021,D133,False,165,,2.63,33.75,15
CR1442,U2371,D182,False,212,,3.06,23.53,1
CR1443,U1956,D135,True,264,6.0,3.25,29.92,0
CR1444,U1746,D130,True,440,1.0,3.01,33.33,0
CR1445,U2792,D118,True,64,3.0,3.48,8.54,0
CR1446,U1127,D185,False,156,,3.14,35.56,1
CR1447,U1490,D100,False,125,,3.15,37.0,2
CR1448,U2690,D102,False,167,,3.71,14.11,7
CR1449,U1429,D198,False,163,,3.07,38.89,2
CR1450,U2942,D141,True,132,4.0,2.11,32.82,0
CR1451,U2159,D116,True,357,4.0,3.26,33.76,0
CR1452,U1334,D107,True,24,4.0,1.51,48.75,0
CR1453,U2670,D107,False,381,,0.59,68.6,22
CR1454,U2840,D115,True,283,1.0,2.9,26.7,0
CR1455,U2645,D149,False,164,,2.71,26.19,3
CR1456,U1289,D135,False,427,,2.17,36.76,1
CR1457,U2621,D120,False,180,,3.46,11.76,19
CR1458,U2410,D179,True,229,3.0,3.05,29.25,0
CR1459,U2300,D137,False,109,,1.93,35.08,6
CR1460,U2498,D123,True,139,2.0,3.42,20.36,0
CR1461,U2146,D169,False,84,,4.08,27.08,1
CR1462,U1718,D199,False,257,,1.67,84.22,7
CR1463,U2416,D134,False,46,,2.76,19.77,4
CR1464,U2116,D197,True,363,3.0,3.44,30.85,0
CR1465,U2731,D171,False,251,,1.6,85.39,15
CR1466,U2420,D184,True,465,4.0,0.27,64.21,0
CR1467,U1222,D170,True,171,3.0,4.11,22.5,0
CR1468,U2214,D186,True,76,5.0,2.01,59.11,0
CR1469,U1325,D165,False,268,,4.49,13.91,11
CR1470,U1371,D139,False,500,,2.22,36.94,12
CR1471,U1716,D131,True,144,6.0,2.55,24.14,0
CR1472,U1167,D140,True,207,9.0,2.42,22.73,0
CR1473,U2203,D107,False,44,,3.52,6.94,15
CR1474,U2794,D114,True,67,1.0,3.34,36.59,0
CR1475,U2106,D164,False,328,,3.43,22.03,7
CR1476,U2986,D141,False,76,,4.07,6.99,11
CR1477,U1287,D160,False,290,,2.96,36.8,1
CR1478,U1538,D127,True,146,4.0,1.26,39.6,0
CR1479,U1357,D112,True,14,6.0,3.23,2.85,0
CR1480,U1264,D169,False,84,,3.33,35.05,10
CR1481,U1142,D137,False,351,,2.07,95.75,1
CR1482,U2597,D152,False,204,,3.07,5.95,2
CR1483,U2359,D102,True,216,1.0,1.64,71.43,0
CR1484,U1910,D175,False,181,,3.37,58.1,11
CR1485,U2725,D173,False,193,,1.71,76.21,4
CR1486,U2730,D125,True,51,2.0,2.13,30.0,0
CR1487,U1078,D105,True,414,1.0,3.82,32.94,0
CR1488,U2154,D108,False,179,,2.67,20.92,5
CR1489,U1386,D176,True,233,2.0,2.9,2.08,0
CR1490,U2925,D131,True,291,5.0,3.61,27.25,0
CR1491,U2972,D187,False,172,,3.9,20.16,19
CR1492,U1194,D192,True,253,1.0,2.65,24.07,0
CR1493,U1826,D145,True,192,2.0,2.74,36.16,0
CR1494,U2997,D107,True,213,5.0,2.67,27.27,0
CR1495,U2036,D190,True,339,1.0,1.78,41.7,0
CR1496,U2252,D155,True,316,4.0,3.31,27.82,0
CR1497,U1679,D180,True,58,1.0,2.57,20.0,0
CR1498,U1830,D106,True,71,2.0,3.31,37.74,0
CR1499,U2697,D110,True,122,7.0,2.85,97.04,0
CR1500,U2073,D166,True,63,8.0,4.94,8.93,0
CR1501,U2193,D101,True,88,2.0,2.88,31.11,0
CR1502,U2700,D155,True,107,1.0,3.58,31.18,0
CR1503,U1803,D120,True,194,1.0,3.44,12.11,0
CR1504,U1527,D166,False,120,,2.71,40.69,9
CR1505,U2734,D130,True,200,8.0,1.44,82.79,0
CR1506,U1778,D169,False,187,,1.04,67.96,6
CR1507,U2885,D198,False,345,,4.19,8.15,15
CR1508,U1911,D125,False,294,,3.06,19.67,4
CR1509,U1984,D132,True,99,3.0,4.81,13.72,0
CR1510,U2430,D143,True,323,3.0,1.45,96.77,0
CR1511,U1206,D181,True,108,5.0,1.87,29.82,0
CR1512,U2857,D176,False,96,,1.61,46.95,20
CR1513,U1736,D187,False,163,,2.95,34.23,18
CR1514,U2822,D162,True,211,5.0,2.35,33.66,0
CR1515,U2063,D122,True,301,2.0,3.08,16.67,0
CR1516,U1423,D118,False,319,,2.95,37.84,9
CR1517,U1943,D129,True,102,5.0,2.94,21.24,0
CR1518,U1220,D150,True,128,5.0,2.6,17.4,0
CR1519,U2916,D151,False,500,,3.35,19.74,4
CR1520,U2445,D126,False,164,,2.71,56.65,13
CR1521,U1541,D150,False,201,,3.33,33.62,4
CR1522,U1904,D139,False,153,,1.2,53.81,1
CR1523,U2196,D148,False,143,,2.73,25.92,7
CR1524,U2172,D170,True,156,2.0,2.86,66.16,0
CR1525,U1070,D130,True,234,1.0,4.25,9.34,0
CR1526,U1178,D101,False,52,,1.83,37.69,1
CR1527,U1467,D147,False,179,,4.86,8.71,21
CR1528,U2251,D116,False,330,,1.18,63.98,11
CR1529,U2087,D171,False,146,,2.8,27.21,4
CR1530,U1710,D152,True,322,1.0,3.38,32.37,0
CR1531,U2668,D104,True,162,2.0,2.89,38.29,0
CR1532,U1967,D177,True,29,1.0,3.4,27.81,0
CR1533,U1434,D172,True,158,3.0,2.84,39.2,0
CR1534,U1577,D190,True,152,5.0,2.8,34.85,0
CR1535,U2097,D105,False,150,,3.54,9.5,1
CR1536,U2221,D138,False,174,,3.52,28.54,1
CR1537,U1651,D147,False,316,,3.02,9.21,7
CR1538,U1182,D198,True,86,4.0,3.53,12.2,0
CR1539,U1505,D112,True,118,5.0,2.91,35.19,0
CR1540,U1707,D105,True,289,7.0,2.02,25.22,0
CR1541,U1482,D171,False,64,,3.29,14.07,10
CR1542,U1944,D127,True,63,4.0,2.61,28.38,0
CR1543,U2338,D144,True,43,1.0,4.08,35.71,0
CR1544,U1552,D140,False,263,,2.85,34.78,15
CR1545,U2012,D182,False,464,,3.49,22.22,8
CR1546,U2166,D101,True,83,5.0,4.27,2.51,0
CR1547,U2991,D148,True,148,8.0,2.4,27.78,0
CR1548,U2524,D142,True,56,3.0,3.64,7.69,0
CR1549,U2094,D131,False,500,,2.63,27.33,8
CR1550,U2362,D137,True,75,1.0,1.93,38.32,0
CR1551,U2326,D176,True,192,7.0,3.89,12.0,0
CR1552,U1805,D134,True,205,2.0,3.76,25.35,0
CR1553,U1286,D137,False,99,,3.41,0.0,1
CR1554,U2436,D141,False,180,,4.19,8.77,1
CR1555,U2112,D112,False,123,,2.13,3.38,1
CR1556,U1027,D146,True,40,7.0,1.3,92.9,0
CR1557,U2422,D131,False,157,,2.53,39.13,19
CR1558,U2765,D128,False,122,,2.79,27.76,7
CR1559,U1167,D156,False,321,,2.42,22.73,4
CR1560,U2150,D100,True,325,5.0,2.05,33.33,0
CR1561,U1291,D100,True,293,1.0,3.43,36.07,0
CR1562,U1324,D186,True,150,10.0,2.87,39.13,0
CR1563,U1199,D124,True,328,3.0,1.05,84.11,0
CR1564,U1857,D139,False,103,,2.96,9.65,19
CR1565,U2073,D105,False,174,,4.94,8.93,4
CR1566,U2702,D148,True,416,1.0,3.23,39.17,0
CR1567,U1103,D148,False,362,,3.62,18.75,1
CR1568,U2652,D102,False,111,,1.03,40.32,11
CR1569,U2496,D145,False,298,,2.01,50.6,1
CR1570,U1850,D167,True,120,1.0,2.71,23.73,0
CR1571,U1352,D111,False,204,,1.08,50.75,28
CR1572,U2087,D198,False,472,,2.8,27.21,11
CR1573,U2175,D169,True,182,3.0,3.38,12.32,0
CR1574,U2970,D135,True,43,10.0,3.6,0.85,0
CR1575,U2876,D105,True,206,1.0,3.13,23.16,0
CR1576,U1253,D168,True,93,7.0,3.75,0.0,0
CR1577,U2847,D194,True,426,10.0,3.91,19.77,0
CR1578,U2240,D192,True,130,6.0,3.66,3.03,0
CR1579,U1663,D194,True,253,1.0,2.22,22.22,0
CR1580,U2840,D173,False,205,,2.9,26.7,20
CR1581,U2961,D123,False,38,,3.57,33.33,6
CR1582,U2096,D118,True,91,4.0,1.21,58.11,0
CR1583,U2834,D123,True,414,1.0,4.06,11.41,0
CR1584,U1630,D160,False,143,,3.3,3.95,9
CR1585,U1193,D180,False,294,,3.51,7.25,14
CR1586,U2775,D129,True,192,7.0,3.5,38.92,0
CR1587,U1560,D123,True,21,4.0,4.74,1.72,0
CR1588,U1044,D181,False,91,,1.5,30.33,22
CR1589,U2185,D150,True,111,2.0,0.39,56.08,0
CR1590,U2560,D110,True,290,2.0,4.33,0.61,0
CR1591,U2359,D184,False,293,,1.64,71.43,9
CR1592,U1421,D158,False,377,,2.13,30.8,1
CR1593,U1785,D189,True,7,1.0,3.92,38.6,0
CR1594,U2233,D199,True,296,5.0,3.47,9.36,0
CR1595,U1062,D118,False,190,,3.51,63.16,17
CR1596,U1046,D174,False,118,,3.09,27.33,7
CR1597,U2598,D118,True,266,2.0,4.57,2.61,0
CR1598,U2656,D158,False,96,,2.28,33.33,23
CR1599,U2910,D189,True,260,2.0,3.34,19.7,0
CR1600,U2598,D160,True,30,4.0,4.57,2.61,0
CR1601,U1334,D177,True,182,3.0,1.51,48.75,0
CR1602,U1170,D104,True,62,1.0,3.79,14.47,0
CR1603,U1024,D124,True,311,2.0,3.97,0.0,0
CR1604,U2458,D136,True,215,10.0,3.76,13.56,0
CR1605,U1765,D116,False,120,,3.75,34.14,16
CR1606,U1581,D122,True,147,7.0,2.67,23.73,0
CR1607,U1097,D156,False,366,,2.97,36.75,9
CR1608,U2662,D196,True,139,2.0,1.98,63.37,0
CR1609,U1731,D193,True,280,7.0,0.56,98.59,0
CR1610,U2733,D142,False,199,,3.13,20.42,15
CR1611,U2958,D109,False,130,,3.21,36.05,1
CR1612,U1220,D116,False,175,,2.6,17.4,17
CR1613,U1924,D152,False,447,,1.59,66.33,7
CR1614,U1704,D121,True,248,1.0,3.08,37.97,0
CR1615,U1273,D141,True,169,4.0,2.8,22.22,0
CR1616,U1639,D166,False,500,,3.42,10.55,8
CR1617,U1037,D125,True,115,1.0,1.78,71.43,0
CR1618,U1615,D100,False,55,,3.16,16.67,10
CR1619,U2803,D116,False,96,,2.8,35.68,7
CR1620,U2661,D149,False,182,,0.75,48.58,13
CR1621,U1943,D102,False,276,,2.94,21.24,11
CR1622,U1364,D196,False,119,,4.92,10.56,7
CR1623,U1757,D121,True,91,3.0,3.42,31.24,0
CR1624,U2616,D195,True,115,2.0,0.38,82.35,0
CR1625,U1829,D155,True,126,7.0,1.68,93.16,0
CR1626,U1140,D137,True,134,10.0,4.02,12.83,0
CR1627,U2803,D105,True,344,2.0,2.8,35.68,0
CR1628,U2325,D108,True,12,1.0,3.55,39.26,0
CR1629,U2462,D172,True,184,2.0,2.86,32.47,0
CR1630,U1543,D142,True,90,4.0,1.36,91.56,0
CR1631,U1870,D105,True,165,1.0,2.1,46.94,0
CR1632,U2185,D142,True,323,1.0,0.39,56.08,0
CR1633,U1970,D146,False,214,,1.57,55.62,11
CR1634,U1242,D150,True,298,1.0,2.15,21.05,0
CR1635,U1142,D157,False,134,,2.07,95.75,14
CR1636,U2549,D151,False,123,,3.13,33.72,2
CR1637,U1723,D137,False,142,,4.43,20.17,3
CR1638,U1724,D129,True,19,1.0,2.29,20.23,0
CR1639,U1096,D184,False,287,,4.72,15.38,6
CR1640,U2832,D142,True,309,8.0,3.34,35.38,0
CR1641,U1777,D154,True,77,6.0,3.88,37.39,0
CR1642,U2941,D166,False,322,,2.66,36.25,1
CR1643,U2083,D142,True,180,3.0,3.69,30.0,0
CR1644,U2098,D198,False,214,,0.97,62.5,30
CR1645,U2345,D149,False,178,,2.25,39.46,11
CR1646,U1248,D153,True,361,1.0,2.35,22.5,0
CR1647,U1068,D199,True,373,8.0,1.48,84.08,0
CR1648,U1222,D163,True,275,4.0,4.11,22.5,0
CR1649,U2658,D155,True,221,4.0,2.79,36.41,0
CR1650,U1678,D105,True,281,1.0,1.98,60.48,0
CR1651,U1452,D178,False,161,,1.69,62.03,7
CR1652,U1852,D181,True,30,3.0,3.52,1.96,0
CR1653,U1923,D136,True,394,3.0,1.81,97.47,0
CR1654,U2683,D141,True,80,6.0,4.6,2.91,0
CR1655,U2454,D124,True,57,1.0,3.21,27.17,0
CR1656,U1541,D198,True,221,3.0,3.33,33.62,0
CR1657,U2038,D140,False,286,,4.52,18.0,13
CR1658,U1851,D186,False,69,,2.92,6.67,6
CR1659,U2687,D117,True,247,2.0,2.99,35.59,0
CR1660,U2158,D161,False,271,,3.12,0.0,1
CR1661,U1593,D199,False,474,,2.8,25.81,1
CR1662,U1640,D100,True,486,3.0,3.22,29.55,0
CR1663,U2464,D118,False,256,,3.05,6.21,2
CR1664,U2820,D178,False,145,,0.85,57.14,19
CR1665,U2646,D177,False,241,,4.43,1.69,1
CR1666,U1898,D143,False,284,,4.02,0.0,12
CR1667,U2068,D169,True,157,4.0,4.03,17.0,0
CR1668,U2703,D133,True,188,5.0,2.87,76.13,0
CR1669,U2259,D163,False,286,,2.87,25.0,2
CR1670,U2734,D102,True,453,6.0,1.44,82.79,0
CR1671,U2076,D188,False,289,,2.94,32.75,1
CR1672,U1972,D195,False,175,,4.42,17.61,1
CR1673,U1924,D177,True,91,3.0,1.59,66.33,0
CR1674,U2619,D189,True,143,8.0,3.51,30.58,0
CR1675,U2192,D148,True,385,1.0,1.82,77.71,0
CR1676,U1808,D193,True,164,1.0,2.18,39.05,0
CR1677,U1727,D168,True,249,1.0,3.74,19.74,0
CR1678,U1378,D183,True,66,2.0,4.35,0.0,0
CR1679,U1656,D186,True,347,1.0,3.19,18.63,0
CR1680,U2990,D182,True,61,1.0,1.11,42.86,0
CR1681,U2239,D174,True,88,4.0,2.2,19.84,0
CR1682,U2330,D135,False,344,,1.88,80.16,1
CR1683,U1093,D119,True,423,4.0,1.03,90.47,0
CR1684,U1035,D138,False,274,,1.64,63.16,14
CR1685,U1004,D186,False,178,,4.24,0.0,10
CR1686,U2481,D161,False,104,,1.61,99.39,1
CR1687,U2783,D149,False,337,,3.74,24.35,8
CR1688,U2305,D144,False,136,,3.16,10.0,5
CR1689,U2505,D113,True,131,2.0,4.01,27.67,0
CR1690,U1506,D141,False,195,,3.06,87.13,1
CR1691,U2637,D114,False,304,,1.62,49.16,1
CR1692,U2989,D189,True,152,2.0,1.87,88.96,0
CR1693,U1517,D106,False,99,,2.4,34.27,14
CR1694,U1073,D138,True,70,4.0,2.78,34.79,0
CR1695,U1023,D191,False,289,,4.49,26.41,12
CR1696,U1820,D175,False,497,,0.67,88.89,3
CR1697,U2742,D132,True,97,1.0,3.06,32.23,0
CR1698,U1819,D143,False,364,,2.23,20.98,1
CR1699,U2679,D173,True,229,1.0,4.73,0.0,0
CR1700,U1193,D111,True,97,1.0,3.51,7.25,0
CR1701,U2523,D132,False,330,,3.88,33.57,4
CR1702,U2532,D125,True,114,5.0,1.71,41.03,0
CR1703,U1713,D177,True,254,3.0,2.5,31.62,0
CR1704,U1225,D107,False,153,,1.29,69.42,6
CR1705,U1374,D119,True,48,1.0,0.53,42.78,0
CR1706,U2609,D184,False,99,,1.35,73.8,1
CR1707,U1078,D163,True,67,4.0,3.82,32.94,0
CR1708,U2795,D191,True,57,1.0,3.52,37.85,0
CR1709,U2900,D143,False,209,,0.46,78.21,5
CR1710,U1033,D115,False,299,,2.75,26.61,10
CR1711,U1593,D196,True,206,3.0,2.8,25.81,0
CR1712,U1452,D172,True,95,3.0,1.69,62.03,0
CR1713,U1807,D178,True,40,2.0,1.02,85.26,0
CR1714,U1481,D159,True,76,1.0,3.44,22.38,0
CR1715,U2322,D194,True,168,2.0,2.49,25.0,0
CR1716,U1215,D148,False,107,,2.0,42.14,12
CR1717,U1543,D160,True,2,3.0,1.36,91.56,0
CR1718,U2328,D102,True,150,3.0,3.72,11.56,0
CR1719,U1147,D158,False,194,,1.7,59.21,3
CR1720,U1903,D198,False,100,,4.28,19.05,6
CR1721,U2977,D100,True,70,2.0,3.57,5.45,0
CR1722,U2484,D103,False,174,,2.63,38.27,8
CR1723,U1039,D153,False,180,,3.56,47.83,28
CR1724,U2998,D156,True,58,8.0,4.47,18.37,0
CR1725,U2483,D158,False,158,,3.68,27.57,7
CR1726,U1283,D159,False,118,,2.65,26.78,6
CR1727,U1257,D196,False,232,,3.47,3.5,22
CR1728,U2435,D163,False,161,,3.82,35.38,1
CR1729,U2066,D175,True,255,8.0,3.34,22.29,0
CR1730,U1803,D118,True,142,2.0,3.44,12.11,0
CR1731,U1974,D146,True,199,9.0,2.97,42.31,0
CR1732,U1793,D132,False,88,,3.08,35.1,6
CR1733,U1289,D157,False,112,,2.17,36.76,5
CR1734,U1981,D105,True,366,2.0,4.3,1.69,0
CR1735,U1602,D134,True,175,3.0,1.81,58.73,0
CR1736,U2223,D197,False,240,,4.32,24.58,2
CR1737,U2555,D109,True,121,1.0,3.17,17.55,0
CR1738,U2112,D128,False,107,,2.13,3.38,3
CR1739,U1704,D130,False,347,,3.08,37.97,8
CR1740,U1833,D146,False,283,,2.93,11.74,8
CR1741,U2365,D128,False,277,,4.65,12.31,12
CR1742,U1397,D158,True,68,2.0,2.7,11.02,0
CR1743,U2998,D145,False,400,,4.47,18.37,10
CR1744,U2098,D158,True,143,1.0,0.97,62.5,0
CR1745,U2942,D127,False,151,,2.11,32.82,10
CR1746,U1521,D111,False,260,,4.22,10.53,13
CR1747,U1730,D187,False,455,,1.94,34.62,1
CR1748,U2290,D141,True,244,3.0,2.72,26.32,0
CR1749,U2420,D151,True,118,1.0,0.27,64.21,0
CR1750,U2595,D116,False,84,,2.57,59.14,9
CR1751,U2150,D193,False,170,,2.05,33.33,3
CR1752,U2393,D186,False,258,,2.39,19.23,9
CR1753,U1997,D172,True,26,3.0,3.23,34.44,0
CR1754,U1492,D167,True,165,2.0,2.17,0.0,0
CR1755,U1935,D198,True,123,5.0,2.5,22.44,0
CR1756,U2711,D102,True,180,5.0,1.17,48.88,0
CR1757,U1485,D144,True,167,1.0,3.34,0.0,0
CR1758,U2449,D189,False,211,,3.64,3.95,1
CR1759,U1516,D175,False,203,,3.78,6.67,1
CR1760,U1959,D131,True,63,1.0,3.29,19.14,0
CR1761,U2930,D177,True,89,2.0,3.9,4.22,0
CR1762,U2313,D178,False,152,,3.35,9.29,19
CR1763,U2322,D193,True,158,4.0,2.49,25.0,0
CR1764,U2309,D119,False,51,,2.95,18.11,26
CR1765,U2239,D177,True,291,2.0,2.2,19.84,0
CR1766,U2768,D119,True,321,2.0,3.17,21.29,0
CR1767,U1185,D148,True,226,3.0,2.37,34.29,0
CR1768,U2014,D134,True,263,1.0,2.06,48.05,0
CR1769,U1782,D114,False,165,,3.34,27.51,2
CR1770,U1774,D172,True,206,7.0,2.39,2.94,0
CR1771,U2479,D127,False,119,,3.98,17.57,8
CR1772,U1231,D185,False,106,,2.29,24.51,19
CR1773,U1231,D145,False,403,,2.29,24.51,1
CR1774,U2960,D194,True,209,8.0,1.99,22.22,0
CR1775,U2368,D139,True,98,1.0,3.24,28.68,0
CR1776,U2077,D168,False,318,,0.7,65.71,2
CR1777,U1209,D127,False,95,,3.26,31.87,1
CR1778,U1886,D195,True,305,2.0,2.46,26.54,0
CR1779,U1849,D134,False,136,,4.41,16.77,3
CR1780,U1075,D189,True,130,1.0,3.14,27.27,0
CR1781,U2182,D108,False,64,,3.23,2.79,4
CR1782,U1423,D106,False,250,,2.95,37.84,10
CR1783,U1642,D138,False,500,,3.62,5.26,30
CR1784,U1835,D172,False,298,,0.49,96.88,1
CR1785,U1139,D132,False,115,,4.06,35.08,1
CR1786,U2855,D180,True,161,1.0,1.23,48.52,0
CR1787,U2524,D148,True,286,4.0,3.64,7.69,0
CR1788,U1104,D149,False,58,,4.08,16.55,1
CR1789,U1361,D127,True,359,2.0,1.81,88.27,0
CR1790,U1323,D173,False,120,,3.55,34.35,21
CR1791,U1416,D150,True,254,7.0,4.77,23.81,0
CR1792,U2599,D115,True,229,1.0,4.2,37.31,0
CR1793,U2815,D133,False,199,,3.83,3.57,13
CR1794,U2083,D186,True,500,4.0,3.69,30.0,0
CR1795,U1724,D153,False,113,,2.29,20.23,9
CR1796,U2551,D187,True,65,6.0,3.19,14.39,0
CR1797,U1984,D156,True,108,1.0,4.81,13.72,0
CR1798,U1634,D111,False,112,,2.17,33.33,11
CR1799,U1044,D163,True,165,4.0,1.5,30.33,0
CR1800,U1344,D127,False,300,,4.18,10.38,13
CR1801,U2955,D184,True,149,1.0,3.23,32.65,0
CR1802,U1730,D161,False,258,,1.94,34.62,17
CR1803,U1953,D173,False,237,,2.12,32.43,2
CR1804,U1520,D183,True,49,2.0,4.57,11.59,0
CR1805,U1820,D112,False,249,,0.67,88.89,1
CR1806,U2382,D169,False,115,,2.43,98.63,19
CR1807,U1296,D165,True,180,7.0,4.04,12.5,0
CR1808,U2895,D155,True,313,1.0,0.23,81.05,0
CR1809,U2401,D102,True,214,3.0,3.46,20.66,0
CR1810,U1739,D192,True,212,3.0,2.73,33.18,0
CR1811,U1071,D182,True,68,2.0,1.43,40.16,0
CR1812,U1126,D153,False,257,,0.87,44.62,15
CR1813,U1120,D172,True,262,1.0,3.04,38.15,0
CR1814,U2629,D103,False,184,,2.04,66.67,1
CR1815,U1825,D132,True,152,4.0,4.06,34.74,0
CR1816,U1650,D151,True,244,4.0,3.73,17.65,0
CR1817,U1404,D174,False,218,,4.25,14.37,1
CR1818,U2432,D175,True,500,4.0,2.41,36.14,0
CR1819,U1705,D180,False,185,,3.53,24.59,17
CR1820,U1154,D173,True,125,2.0,2.37,23.17,0
CR1821,U2971,D168,True,94,5.0,3.14,20.0,0
CR1822,U1667,D132,True,283,4.0,4.61,10.87,0
CR1823,U1183,D100,True,64,1.0,3.2,7.07,0
CR1824,U2473,D160,True,39,2.0,4.84,3.24,0
CR1825,U2952,D162,False,158,,3.48,31.31,8
CR1826,U2652,D193,False,54,,1.03,40.32,9
CR1827,U2757,D136,True,234,4.0,0.77,94.3,0
CR1828,U2310,D182,False,154,,2.71,0.0,2
CR1829,U2424,D131,True,117,1.0,3.15,7.63,0
CR1830,U1716,D103,True,156,3.0,2.55,24.14,0
CR1831,U2544,D194,True,172,5.0,2.9,13.18,0
CR1832,U1769,D125,False,28,,3.58,29.27,1
CR1833,U1318,D131,True,78,5.0,3.16,31.62,0
CR1834,U2089,D115,True,350,3.0,3.97,12.14,0
CR1835,U1569,D133,True,84,5.0,2.91,0.0,0
CR1836,U2796,D121,True,61,5.0,3.48,32.65,0
CR1837,U2975,D122,True,229,2.0,4.1,15.34,0
CR1838,U1326,D115,True,292,5.0,3.33,2.88,0
CR1839,U1196,D132,True,97,4.0,2.64,35.97,0
CR1840,U1767,D198,False,156,,4.29,4.81,17
CR1841,U2251,D137,True,58,8.0,1.18,63.98,0
CR1842,U1496,D156,False,240,,0.48,94.44,9
CR1843,U2826,D102,True,263,4.0,2.83,23.05,0
CR1844,U2156,D140,True,108,5.0,2.48,9.07,0
CR1845,U2044,D178,True,320,5.0,3.62,31.52,0
CR1846,U1152,D163,False,51,,3.39,23.08,3
CR1847,U1019,D165,True,60,2.0,4.02,4.22,0
CR1848,U2784,D187,False,500,,3.21,15.79,18
CR1849,U2223,D110,True,230,2.0,4.32,24.58,0
CR1850,U1477,D164,False,234,,2.55,23.81,22
CR1851,U2607,D154,True,217,4.0,2.26,53.19,0
CR1852,U2317,D134,False,363,,4.0,33.85,2
CR1853,U2702,D148,False,310,,3.23,39.17,4
CR1854,U2536,D134,False,314,,4.29,12.82,11
CR1855,U1278,D121,True,107,10.0,3.6,38.57,0
CR1856,U1212,D155,False,105,,3.0,27.21,5
CR1857,U2475,D189,True,56,4.0,3.95,26.29,0
CR1858,U1760,D139,True,144,1.0,2.49,21.29,0
CR1859,U2385,D162,False,195,,3.3,22.91,18
CR1860,U1754,D147,True,215,1.0,1.58,45.45,0
CR1861,U2791,D143,True,84,3.0,4.37,2.72,0
CR1862,U2109,D155,False,109,,1.96,30.92,2
CR1863,U1223,D152,False,208,,3.32,21.92,1
CR1864,U1446,D158,False,129,,4.06,2.97,18
CR1865,U1197,D133,False,139,,3.58,0.0,10
CR1866,U1643,D188,False,63,,3.33,37.89,2
CR1867,U2762,D156,True,498,4.0,1.07,77.48,0
CR1868,U2908,D158,False,423,,1.82,33.33,1
CR1869,U2582,D157,False,221,,3.17,34.1,5
CR1870,U2766,D102,False,282,,2.72,35.79,1
CR1871,U2537,D170,False,76,,3.46,15.38,6
CR1872,U1411,D156,False,487,,0.84,50.4,5
CR1873,U1574,D176,True,136,2.0,2.19,75.56,0
CR1874,U1968,D197,True,196,1.0,2.3,26.06,0
CR1875,U2607,D170,True,64,8.0,2.26,53.19,0
CR1876,U1333,D157,True,311,6.0,3.29,78.15,0
CR1877,U1278,D193,False,366,,3.6,38.57,7
CR1878,U1396,D177,True,174,7.0,2.24,30.93,0
CR1879,U2937,D161,True,489,3.0,2.52,26.75,0
CR1880,U2843,D125,True,274,2.0,1.69,73.95,0
CR1881,U1604,D176,False,170,,2.99,29.8,14
CR1882,U2016,D139,True,134,1.0,3.78,19.85,0
CR1883,U1605,D192,False,101,,3.4,18.54,11
CR1884,U2002,D135,True,100,6.0,2.78,27.57,0
CR1885,U1537,D142,True,44,1.0,2.9,31.45,0
CR1886,U2273,D195,True,192,1.0,2.75,0.0,0
CR1887,U2210,D105,True,124,1.0,2.66,30.75,0
CR1888,U1527,D160,False,115,,2.71,40.69,2
CR1889,U2078,D135,True,145,2.0,2.93,19.23,0
CR1890,U2867,D158,True,153,10.0,4.76,14.08,0
CR1891,U2771,D138,False,177,,3.77,28.28,4
CR1892,U2310,D198,False,184,,2.71,0.0,12
CR1893,U2719,D177,False,240,,2.77,53.53,8
CR1894,U2031,D189,True,124,4.0,3.22,39.76,0
CR1895,U2666,D192,True,260,7.0,1.91,68.42,0
CR1896,U2101,D127,False,168,,4.34,3.46,2
CR1897,U1207,D194,True,150,4.0,2.21,20.0,0
CR1898,U2721,D195,False,148,,2.53,61.74,13
CR1899,U1920,D144,False,500,,2.54,28.0,1
CR1900,U2540,D199,False,186,,2.68,26.73,11
CR1901,U2586,D194,False,304,,2.8,24.91,20
CR1902,U1697,D109,True,242,2.0,3.2,0.51,0
CR1903,U2709,D111,True,500,10.0,3.26,20.24,0
CR1904,U1591,D141,True,427,3.0,3.55,28.67,0
CR1905,U1774,D187,True,304,8.0,2.39,2.94,0
CR1906,U1238,D128,False,68,,4.32,11.86,5
CR1907,U1065,D155,True,327,2.0,3.41,97.54,0
CR1908,U1418,D135,True,139,2.0,1.08,46.6,0
CR1909,U1419,D103,False,119,,1.52,45.24,9
CR1910,U1599,D129,False,303,,3.85,25.06,5
CR1911,U2162,D140,False,31,,2.22,31.19,1
CR1912,U1598,D127,False,361,,0.4,70.0,2
CR1913,U2353,D110,True,453,4.0,1.86,34.13,0
CR1914,U2586,D140,True,111,1.0,2.8,24.91,0
CR1915,U1520,D153,False,340,,4.57,11.59,6
CR1916,U2595,D192,False,236,,2.57,59.14,6
CR1917,U2899,D176,False,142,,4.15,18.98,1
CR1918,U2953,D112,False,204,,3.68,22.16,10
CR1919,U1297,D182,False,173,,1.62,61.54,19
CR1920,U1353,D134,False,146,,4.81,9.09,5
CR1921,U2809,D184,True,276,3.0,1.43,78.97,0
CR1922,U2365,D136,False,361,,4.65,12.31,3
CR1923,U1331,D174,True,63,7.0,2.8,48.9,0
CR1924,U2298,D114,False,81,,3.33,34.19,12
CR1925,U2423,D164,False,166,,2.83,23.79,24
CR1926,U2174,D197,False,434,,2.95,31.24,1
CR1927,U2380,D147,False,98,,3.49,37.3,8
CR1928,U2601,D154,False,75,,2.56,58.82,3
CR1929,U1427,D101,True,223,1.0,3.42,23.56,0
CR1930,U2121,D151,False,101,,1.71,13.14,2
CR1931,U1550,D151,False,441,,4.11,12.05,8
CR1932,U2290,D175,True,79,2.0,2.72,26.32,0
CR1933,U2828,D179,False,101,,3.6,14.39,6
CR1934,U2174,D170,False,62,,2.95,31.24,2
CR1935,U2328,D112,False,391,,3.72,11.56,8
CR1936,U2923,D195,False,46,,2.6,30.3,3
CR1937,U2354,D133,True,93,4.0,4.19,11.21,0
CR1938,U2525,D106,True,95,3.0,3.14,37.85,0
CR1939,U2917,D108,False,261,,2.92,35.71,1
CR1940,U2391,D161,True,22,3.0,4.81,13.99,0
CR1941,U2109,D163,False,166,,1.96,30.92,1
CR1942,U2905,D124,False,205,,3.31,6.46,5
CR1943,U2414,D116,True,164,3.0,2.49,28.63,0
CR1944,U2703,D168,False,258,,2.87,76.13,11
CR1945,U1754,D139,True,236,1.0,1.58,45.45,0
CR1946,U1364,D151,True,341,1.0,4.92,10.56,0
CR1947,U2165,D163,False,251,,4.18,13.29,6
CR1948,U2038,D136,True,37,3.0,4.52,18.0,0
CR1949,U1611,D113,True,500,1.0,4.93,11.33,0
CR1950,U1014,D152,True,92,10.0,2.31,20.0,0
CR1951,U1335,D135,True,49,2.0,2.69,30.4,0
CR1952,U1230,D197,True,277,6.0,4.66,8.67,0
CR1953,U2609,D159,False,159,,1.35,73.8,2
CR1954,U1658,D103,True,177,5.0,3.21,15.69,0
CR1955,U1187,D121,True,273,2.0,0.39,49.24,0
CR1956,U2495,D144,False,169,,4.66,8.54,3
CR1957,U1095,D134,True,326,4.0,4.56,17.53,0
CR1958,U1173,D196,False,64,,2.46,73.37,4
CR1959,U1461,D174,True,111,1.0,4.49,17.52,0
CR1960,U2819,D199,False,335,,2.76,28.1,1
CR1961,U2960,D172,True,14,1.0,1.99,22.22,0
CR1962,U1153,D198,False,320,,2.95,20.1,1
CR1963,U2327,D190,True,171,2.0,1.92,76.19,0
CR1964,U1201,D156,True,44,7.0,2.31,56.35,0
CR1965,U1351,D190,True,129,7.0,0.78,51.13,0
CR1966,U2419,D142,True,189,8.0,2.47,9.04,0
CR1967,U2052,D112,True,130,1.0,4.68,15.87,0
CR1968,U2513,D137,False,47,,3.45,30.54,1
CR1969,U1940,D179,True,92,1.0,1.96,23.87,0
CR1970,U2739,D169,False,37,,2.71,30.37,6
CR1971,U2215,D195,True,316,1.0,2.88,37.13,0
CR1972,U1109,D138,False,165,,4.64,18.92,6
CR1973,U2942,D191,False,107,,2.11,32.82,1
CR1974,U2554,D133,False,184,,4.38,32.14,1
CR1975,U2679,D149,True,43,9.0,4.73,0.0,0
CR1976,U1128,D104,True,195,1.0,4.32,6.25,0
CR1977,U1846,D192,False,56,,2.97,32.64,5
CR1978,U2238,D151,False,146,,2.17,24.31,10
CR1979,U2462,D178,True,148,3.0,2.86,32.47,0
CR1980,U1847,D118,False,203,,1.99,4.97,1
CR1981,U1638,D153,False,65,,3.75,30.0,5
CR1982,U2339,D116,True,277,10.0,4.28,2.31,0
CR1983,U1065,D152,False,155,,3.41,97.54,3
CR1984,U2715,D164,True,140,1.0,2.06,36.71,0
CR1985,U1026,D178,False,237,,0.94,48.48,7
CR1986,U1409,D151,True,311,1.0,4.08,16.56,0
CR1987,U2921,D168,True,214,1.0,3.52,10.87,0
CR1988,U1580,D129,True,319,2.0,2.59,24.0,0
CR1989,U2123,D140,False,264,,2.72,39.42,3
CR1990,U1689,D138,False,159,,3.52,9.54,1
CR1991,U2415,D122,False,189,,3.19,23.81,16
CR1992,U2513,D182,False,339,,3.45,30.54,7
CR1993,U1165,D119,True,155,1.0,4.15,8.85,0
CR1994,U1184,D186,False,151,,3.86,13.1,20
CR1995,U1063,D145,False,218,,2.31,56.8,8
CR1996,U1801,D129,False,36,,3.48,20.55,9
CR1997,U1713,D139,True,221,2.0,2.5,31.62,0
CR1998,U2676,D149,True,164,10.0,1.71,79.06,0
CR1999,U1713,D136,False,77,,2.5,31.62,1
CR2000,U1138,D131,True,393,1.0,3.5,14.95,0
CR2001,U1896,D146,True,55,3.0,2.03,62.19,0
CR2002,U1639,D162,True,51,5.0,3.42,10.55,0
CR2003,U2205,D155,False,100,,3.14,37.11,8
CR2004,U1690,D104,True,213,4.0,4.0,39.73,0
CR2005,U2604,D158,True,121,5.0,3.62,0.0,0
CR2006,U1702,D130,True,151,10.0,2.83,20.18,0
CR2007,U1515,D111,True,138,1.0,3.48,20.43,0
CR2008,U2917,D134,True,286,3.0,2.92,35.71,0
CR2009,U2259,D103,True,248,1.0,2.87,25.0,0
CR2010,U2000,D123,True,98,4.0,3.27,28.89,0
CR2011,U1143,D127,False,328,,3.17,28.42,10
CR2012,U1838,D119,False,230,,0.86,47.96,11
CR2013,U2223,D125,True,187,5.0,4.32,24.58,0
CR2014,U2827,D150,False,219,,1.1,69.31,8
CR2015,U1220,D125,True,500,5.0,2.6,17.4,0
CR2016,U1843,D168,True,287,2.0,2.58,26.13,0
CR2017,U1757,D166,True,41,9.0,3.42,31.24,0
CR2018,U1928,D162,False,324,,3.58,32.0,1
CR2019,U2376,D146,False,92,,3.28,22.33,5
CR2020,U2628,D130,True,342,5.0,3.26,21.89,0
CR2021,U1009,D131,True,314,8.0,3.11,27.72,0
CR2022,U1840,D101,False,69,,3.49,13.78,7
CR2023,U2370,D136,True,132,3.0,3.66,34.32,0
CR2024,U2981,D144,True,352,2.0,3.05,21.75,0
CR2025,U1605,D159,False,243,,3.4,18.54,15
CR2026,U2702,D140,False,131,,3.23,39.17,13
CR2027,U1535,D189,True,209,3.0,2.19,63.75,0
CR2028,U2329,D124,False,500,,2.36,94.31,10
CR2029,U2105,D108,False,418,,3.3,12.12,9
CR2030,U1428,D183,True,79,5.0,4.29,22.96,0
CR2031,U1824,D118,True,129,1.0,1.67,78.63,0
CR2032,U2647,D173,True,131,3.0,1.41,77.78,0
CR2033,U1850,D189,True,8,2.0,2.71,23.73,0
CR2034,U1609,D144,False,469,,3.2,25.54,11
CR2035,U1147,D166,True,13,2.0,1.7,59.21,0
CR2036,U1361,D123,True,169,6.0,1.81,88.27,0
CR2037,U2931,D122,True,238,1.0,2.83,73.76,0
CR2038,U1444,D105,True,302,3.0,2.6,32.94,0
CR2039,U2993,D196,True,265,1.0,3.12,0.0,0
CR2040,U1560,D135,True,224,2.0,4.74,1.72,0
CR2041,U1513,D120,False,279,,2.55,37.43,7
CR2042,U2477,D142,True,191,1.0,3.83,17.09,0
CR2043,U2597,D106,False,291,,3.07,5.95,2
CR2044,U1737,D177,True,75,10.0,3.56,38.02,0
CR2045,U2486,D117,False,215,,3.2,38.98,8
CR2046,U1770,D173,False,160,,2.78,31.49,6
CR2047,U1792,D137,True,401,7.0,1.7,61.9,0
CR2048,U2006,D123,True,126,1.0,3.48,74.92,0
CR2049,U1816,D105,False,53,,1.98,71.43,22
CR2050,U1574,D104,False,344,,2.19,75.56,7
CR2051,U2867,D145,False,308,,4.76,14.08,5
CR2052,U2341,D136,False,220,,4.27,2.6,9
CR2053,U1597,D123,True,174,3.0,3.74,2.34,0
CR2054,U1576,D153,True,162,5.0,2.28,44.2,0
CR2055,U1395,D122,True,500,9.0,3.02,79.87,0
CR2056,U2529,D198,False,111,,4.2,39.77,10
CR2057,U1507,D132,False,147,,3.93,20.81,3
CR2058,U2812,D197,False,305,,3.31,25.91,5
CR2059,U2824,D141,True,199,6.0,1.16,63.36,0
CR2060,U2873,D124,False,376,,2.28,29.89,1
CR2061,U2009,D121,True,90,1.0,2.85,39.41,0
CR2062,U2609,D118,True,90,4.0,1.35,73.8,0
CR2063,U2110,D144,False,131,,2.77,31.01,1
CR2064,U2303,D117,False,173,,3.4,27.96,2
CR2065,U1443,D147,True,125,3.0,3.31,36.93,0
CR2066,U2281,D111,False,186,,4.89,1.14,15
CR2067,U1354,D120,True,111,8.0,0.75,47.51,0
CR2068,U2252,D176,True,181,1.0,3.31,27.82,0
CR2069,U1207,D143,False,87,,2.21,20.0,15
CR2070,U2913,D178,True,140,8.0,4.31,39.76,0
CR2071,U1128,D109,True,212,3.0,4.32,6.25,0
CR2072,U2823,D151,False,168,,2.09,80.21,7
CR2073,U2776,D111,False,485,,2.58,11.11,30
CR2074,U1600,D126,False,114,,2.3,35.23,3
CR2075,U1004,D162,False,133,,4.24,0.0,2
CR2076,U2544,D117,True,177,2.0,2.9,13.18,0
CR2077,U1049,D146,True,152,3.0,2.73,38.97,0
CR2078,U2816,D196,True,407,4.0,3.02,19.94,0
CR2079,U1969,D199,False,215,,3.39,12.32,6
CR2080,U1105,D167,False,490,,2.39,20.0,24
CR2081,U2585,D183,True,257,2.0,4.86,11.11,0
CR2082,U1353,D193,True,148,5.0,4.81,9.09,0
CR2083,U2736,D198,True,449,3.0,4.67,11.11,0
CR2084,U2139,D144,True,166,2.0,2.57,21.29,0
CR2085,U1195,D163,False,35,,3.63,39.55,11
CR2086,U2138,D198,True,108,1.0,1.38,92.0,0
CR2087,U1254,D120,True,142,4.0,2.34,23.75,0
CR2088,U2249,D141,False,376,,2.55,44.32,1
CR2089,U2619,D110,False,77,,3.51,30.58,1
CR2090,U2979,D136,False,87,,4.8,13.04,12
CR2091,U2713,D104,False,90,,4.13,70.37,18
CR2092,U1427,D123,True,260,10.0,3.42,23.56,0
CR2093,U1731,D125,False,156,,0.56,98.59,9
CR2094,U1454,D136,True,375,1.0,4.71,0.33,0
CR2095,U1004,D162,False,280,,4.24,0.0,8
CR2096,U1607,D132,False,301,,4.18,17.07,5
CR2097,U1490,D167,True,28,5.0,3.15,37.0,0
CR2098,U1393,D134,True,432,7.0,3.99,19.93,0
CR2099,U1235,D195,True,180,2.0,1.56,93.55,0
CR2100,U1646,D178,False,53,,3.34,36.27,4
CR2101,U2593,D179,True,279,2.0,0.45,57.33,0
CR2102,U2343,D112,False,61,,2.03,77.78,3
CR2103,U1423,D145,False,196,,2.95,37.84,8
CR2104,U1857,D183,False,64,,2.96,9.65,4
CR2105,U1703,D195,True,407,2.0,1.85,56.52,0
CR2106,U1730,D160,False,268,,1.94,34.62,5
CR2107,U2344,D160,False,79,,2.14,51.37,14
CR2108,U1511,D177,True,287,3.0,2.56,36.54,0
CR2109,U1541,D119,False,350,,3.33,33.62,8
CR2110,U2021,D141,True,176,1.0,1.48,59.81,0
CR2111,U1266,D199,True,139,2.0,1.02,54.48,0
CR2112,U1912,D197,True,92,2.0,2.67,25.43,0
CR2113,U2266,D107,False,456,,2.91,27.65,9
CR2114,U2964,D194,True,115,2.0,0.82,90.1,0
CR2115,U2497,D190,True,270,3.0,3.36,29.63,0
CR2116,U1545,D158,False,174,,2.16,25.51,12
CR2117,U2306,D157,False,454,,2.36,39.57,3
CR2118,U2482,D190,False,400,,3.62,5.8,21
CR2119,U1286,D199,False,72,,3.41,0.0,3
CR2120,U2764,D111,True,404,1.0,2.34,39.52,0
CR2121,U1207,D174,False,128,,2.21,20.0,1
CR2122,U1204,D147,False,148,,2.98,34.83,9
CR2123,U1743,D150,True,326,2.0,4.34,12.59,0
CR2124,U1005,D157,False,278,,0.42,60.67,3
CR2125,U2666,D140,False,400,,1.91,68.42,13
CR2126,U2962,D121,True,134,4.0,1.52,38.1,0
CR2127,U1174,D113,True,385,3.0,2.99,16.83,0
CR2128,U2239,D142,True,372,2.0,2.2,19.84,0
CR2129,U2370,D133,True,109,3.0,3.66,34.32,0
CR2130,U1155,D146,True,48,4.0,2.47,23.11,0
CR2131,U1782,D162,True,291,3.0,3.34,27.51,0
CR2132,U1222,D192,False,314,,4.11,22.5,24
CR2133,U2894,D157,False,164,,3.4,24.81,5
CR2134,U2354,D122,True,130,2.0,4.19,11.21,0
CR2135,U2369,D132,False,444,,0.23,56.92,10
CR2136,U1964,D197,False,305,,2.91,26.22,1
CR2137,U1761,D109,False,288,,3.76,14.0,3
CR2138,U1039,D196,False,343,,3.56,47.83,5
CR2139,U1857,D140,False,134,,2.96,9.65,8
CR2140,U1266,D172,False,149,,1.02,54.48,5
CR2141,U1454,D140,True,274,2.0,4.71,0.33,0
CR2142,U1807,D111,True,158,4.0,1.02,85.26,0
CR2143,U2774,D190,True,85,3.0,4.36,6.25,0
CR2144,U1973,D168,True,72,5.0,2.15,21.88,0
CR2145,U1372,D176,False,269,,1.37,54.55,1
CR2146,U2010,D120,False,128,,3.11,35.77,7
CR2147,U2957,D121,True,137,3.0,4.39,39.49,0
CR2148,U2502,D156,False,190,,3.44,25.42,11
CR2149,U1356,D113,True,78,4.0,2.74,20.44,0
CR2150,U1082,D101,True,162,1.0,3.28,97.79,0
CR2151,U1810,D103,True,56,1.0,3.29,27.86,0
CR2152,U1911,D156,False,142,,3.06,19.67,1
CR2153,U2808,D197,True,88,2.0,2.02,28.75,0
CR2154,U1680,D101,True,36,1.0,1.78,23.1,0
CR2155,U1200,D197,False,118,,4.69,8.56,1
CR2156,U1993,D108,True,500,10.0,2.95,38.7,0
CR2157,U1697,D179,True,119,1.0,3.2,0.51,0
CR2158,U1567,D163,True,44,1.0,4.3,2.0,0
CR2159,U2597,D156,True,166,1.0,3.07,5.95,0
CR2160,U1371,D110,False,65,,2.22,36.94,7
CR2161,U1362,D157,True,348,2.0,3.19,9.9,0
CR2162,U2110,D125,True,412,3.0,2.77,31.01,0
CR2163,U2145,D117,True,38,6.0,2.71,22.76,0
CR2164,U2738,D147,True,283,8.0,0.9,65.12,0
CR2165,U2021,D101,False,89,,1.48,59.81,1
CR2166,U2354,D152,False,98,,4.19,11.21,7
CR2167,U2747,D162,True,210,4.0,2.53,36.36,0
CR2168,U1791,D128,False,213,,2.42,6.59,1
CR2169,U2469,D120,False,233,,2.91,31.84,1
CR2170,U1777,D191,False,219,,3.88,37.39,4
CR2171,U2315,D142,False,105,,1.86,22.27,10
CR2172,U1189,D189,False,240,,0.74,93.02,16
CR2173,U1907,D139,False,226,,3.28,30.24,1
CR2174,U1064,D140,False,62,,3.78,17.75,1
CR2175,U2751,D184,False,340,,3.43,3.77,1
CR2176,U1910,D129,False,96,,3.37,58.1,1
CR2177,U1133,D109,True,142,4.0,2.72,31.35,0
CR2178,U1740,D163,False,160,,0.86,41.29,13
CR2179,U2536,D159,False,243,,4.29,12.82,5
CR2180,U2335,D170,True,139,7.0,3.19,37.5,0
CR2181,U1812,D196,False,314,,3.43,29.15,9
CR2182,U2884,D155,True,164,5.0,2.53,38.54,0
CR2183,U2558,D162,True,130,2.0,1.64,64.13,0
CR2184,U2872,D127,False,108,,2.84,34.13,3
CR2185,U1413,D147,True,89,3.0,0.43,99.56,0
CR2186,U2257,D115,True,127,3.0,4.24,18.75,0
CR2187,U1506,D101,True,500,7.0,3.06,87.13,0
CR2188,U2461,D187,False,241,,2.22,53.26,1
CR2189,U2768,D165,False,255,,3.17,21.29,7
CR2190,U2721,D155,False,214,,2.53,61.74,4
CR2191,U2708,D170,False,116,,0.45,79.28,17
CR2192,U2607,D134,True,393,5.0,2.26,53.19,0
CR2193,U1048,D118,False,154,,0.75,61.98,9
CR2194,U2343,D169,True,60,1.0,2.03,77.78,0
CR2195,U2590,D145,True,112,1.0,2.71,33.59,0
CR2196,U1165,D140,True,111,3.0,4.15,8.85,0
CR2197,U2296,D137,True,127,4.0,2.41,3.12,0
CR2198,U2658,D111,True,381,1.0,2.79,36.41,0
CR2199,U1979,D107,True,360,1.0,3.65,22.48,0
CR2200,U1853,D190,False,104,,1.08,50.82,11
CR2201,U2670,D167,False,85,,0.59,68.6,7
CR2202,U2305,D129,False,167,,3.16,10.0,11
CR2203,U1115,D188,False,236,,2.83,33.33,1
CR2204,U2576,D105,True,500,5.0,4.58,17.97,0
CR2205,U1030,D109,True,202,2.0,2.25,79.72,0
CR2206,U1044,D192,False,98,,1.5,30.33,4
CR2207,U2576,D180,True,142,2.0,4.58,17.97,0
CR2208,U1394,D151,True,180,1.0,3.08,22.66,0
CR2209,U1900,D170,True,113,2.0,1.6,37.62,0
CR2210,U2112,D166,True,66,3.0,2.13,3.38,0
CR2211,U1364,D110,False,222,,4.92,10.56,1
CR2212,U1702,D138,False,205,,2.83,20.18,7
CR2213,U2591,D102,False,302,,3.55,25.94,3
CR2214,U2629,D195,True,125,2.0,2.04,66.67,0
CR2215,U2686,D160,False,214,,3.25,36.21,1
CR2216,U1969,D197,True,415,8.0,3.39,12.32,0
CR2217,U1207,D124,False,39,,2.21,20.0,1
CR2218,U1671,D163,False,179,,1.69,50.57,4
CR2219,U1465,D168,True,134,3.0,2.92,33.33,0
CR2220,U1980,D181,True,99,3.0,3.25,24.64,0
CR2221,U2329,D144,True,288,5.0,2.36,94.31,0
CR2222,U1513,D159,True,169,2.0,2.55,37.43,0
CR2223,U1322,D121,True,90,4.0,1.24,21.14,0
CR2224,U2372,D184,True,276,3.0,3.77,38.11,0
CR2225,U2482,D172,True,179,7.0,3.62,5.8,0
CR2226,U1293,D154,False,240,,4.6,11.31,3
CR2227,U2826,D160,False,118,,2.83,23.05,17
CR2228,U1527,D171,True,56,3.0,2.71,40.69,0
CR2229,U1830,D136,True,220,2.0,3.31,37.74,0
CR2230,U1239,D154,True,51,1.0,1.98,76.6,0
CR2231,U1756,D167,True,336,3.0,0.59,74.1,0
CR2232,U1821,D102,False,128,,3.28,41.77,8
CR2233,U2041,D121,False,143,,3.76,0.0,14
CR2234,U2082,D132,True,133,3.0,4.06,36.69,0
CR2235,U2755,D133,False,216,,2.17,29.56,8
CR2236,U1741,D191,True,418,7.0,3.7,0.0,0
CR2237,U2424,D193,False,203,,3.15,7.63,2
CR2238,U1252,D198,True,191,5.0,3.4,38.73,0
CR2239,U1009,D160,False,249,,3.11,27.72,7
CR2240,U1980,D167,False,343,,3.25,24.64,8
CR2241,U1619,D195,True,324,1.0,2.43,46.68,0
CR2242,U1399,D147,True,220,9.0,2.74,28.84,0
CR2243,U2168,D109,False,105,,3.97,7.14,8
CR2244,U2419,D170,False,171,,2.47,9.04,1
CR2245,U1795,D109,True,7,7.0,3.08,27.45,0
CR2246,U2092,D108,False,142,,3.13,30.43,10
CR2247,U1244,D130,True,25,1.0,3.28,5.56,0
CR2248,U1554,D120,False,161,,2.88,29.89,5
CR2249,U1053,D136,False,94,,3.71,33.03,3
CR2250,U1081,D192,True,64,4.0,3.44,28.57,0
CR2251,U1766,D140,False,140,,2.06,59.7,22
CR2252,U1230,D110,True,120,7.0,4.66,8.67,0
CR2253,U2828,D129,True,154,1.0,3.6,14.39,0
CR2254,U2035,D107,False,220,,4.54,14.56,1
CR2255,U1213,D179,False,180,,2.42,23.66,8
CR2256,U2772,D112,False,125,,2.92,30.77,1
CR2257,U1437,D145,True,83,3.0,3.4,24.0,0
CR2258,U2231,D184,True,53,2.0,2.46,22.64,0
CR2259,U1631,D107,True,36,9.0,3.7,11.9,0
CR2260,U2992,D120,False,382,,2.9,26.98,16
CR2261,U1506,D109,True,159,1.0,3.06,87.13,0
CR2262,U2041,D188,True,293,3.0,3.76,0.0,0
CR2263,U2710,D186,False,61,,1.59,67.4,8
CR2264,U2294,D140,False,142,,3.48,33.99,15
CR2265,U2392,D146,True,114,1.0,4.68,11.11,0
CR2266,U1392,D117,True,287,1.0,3.48,4.62,0
CR2267,U1797,D193,True,17,8.0,4.11,8.57,0
CR2268,U1278,D108,True,298,3.0,3.6,38.57,0
CR2269,U1984,D198,True,289,1.0,4.81,13.72,0
CR2270,U2644,D177,True,97,1.0,1.24,41.12,0
CR2271,U1297,D149,False,500,,1.62,61.54,4
CR2272,U1494,D120,True,346,1.0,0.88,44.66,0
CR2273,U1419,D168,True,146,3.0,1.52,45.24,0
CR2274,U1482,D164,False,272,,3.29,14.07,3
CR2275,U1026,D165,False,25,,0.94,48.48,8
CR2276,U2016,D128,False,227,,3.78,19.85,3
CR2277,U1546,D116,False,105,,4.5,25.58,15
CR2278,U1501,D111,True,276,2.0,2.74,38.96,0
CR2279,U2705,D162,True,84,1.0,3.4,0.0,0
CR2280,U1783,D133,False,66,,2.2,24.5,7
CR2281,U1072,D165,False,500,,1.0,61.01,22
CR2282,U1008,D126,False,173,,3.3,14.35,10
CR2283,U1786,D137,False,129,,1.84,34.66,7
CR2284,U2588,D136,True,329,5.0,1.93,39.91,0
CR2285,U1082,D105,True,149,2.0,3.28,97.79,0
CR2286,U2151,D175,False,295,,2.46,31.78,10
CR2287,U1996,D114,True,106,1.0,0.23,57.47,0
CR2288,U2152,D107,False,340,,2.87,14.29,17
CR2289,U2452,D171,True,173,6.0,0.95,71.6,0
CR2290,U2795,D166,True,130,1.0,3.52,37.85,0
CR2291,U1358,D160,True,124,3.0,2.62,28.9,0
CR2292,U2043,D194,False,80,,0.46,78.68,6
CR2293,U1668,D137,True,208,3.0,3.96,4.52,0
CR2294,U2231,D139,True,72,2.0,2.46,22.64,0
CR2295,U2200,D152,False,46,,3.2,3.81,12
CR2296,U2455,D126,False,83,,0.97,71.52,9
CR2297,U1957,D149,True,139,3.0,2.67,23.87,0
CR2298,U1766,D155,True,232,1.0,2.06,59.7,0
CR2299,U2165,D156,True,52,1.0,4.18,13.29,0
CR2300,U2500,D121,False,260,,3.66,2.48,8
CR2301,U2033,D161,False,178,,3.39,36.94,1
CR2302,U2330,D180,False,160,,1.88,80.16,2
CR2303,U1470,D179,False,77,,2.7,32.52,10
CR2304,U1795,D169,False,80,,3.08,27.45,4
CR2305,U2325,D125,True,125,3.0,3.55,39.26,0
CR2306,U1152,D111,False,104,,3.39,23.08,5
CR2307,U2271,D104,False,269,,3.73,22.57,6
CR2308,U2643,D127,True,35,3.0,3.18,35.8,0
CR2309,U2449,D176,True,337,3.0,3.64,3.95,0
CR2310,U1269,D122,True,147,1.0,2.28,34.88,0
CR2311,U1690,D141,False,157,,4.0,39.73,4
CR2312,U2814,D114,True,439,2.0,1.87,29.44,0
CR2313,U1807,D158,False,472,,1.02,85.26,13
CR2314,U2232,D115,False,281,,0.32,56.2,4
CR2315,U2572,D105,False,122,,4.45,8.19,2
CR2316,U1949,D178,True,181,5.0,0.99,69.52,0
CR2317,U1772,D162,True,293,1.0,2.8,22.29,0
CR2318,U2334,D148,True,401,2.0,3.06,48.15,0
CR2319,U2475,D128,True,258,1.0,3.95,26.29,0
CR2320,U1249,D120,True,109,3.0,2.84,32.47,0
CR2321,U1260,D145,True,179,10.0,4.87,5.93,0
CR2322,U2160,D195,True,99,5.0,2.86,13.95,0
CR2323,U2641,D167,True,398,4.0,2.59,21.04,0
CR2324,U1030,D117,True,60,3.0,2.25,79.72,0
CR2325,U2615,D136,True,95,2.0,4.21,4.33,0
CR2326,U2636,D179,False,50,,1.76,24.18,21
CR2327,U2703,D159,False,147,,2.87,76.13,1
CR2328,U2904,D155,True,166,1.0,4.7,0.41,0
CR2329,U2873,D119,True,100,7.0,2.28,29.89,0
CR2330,U1968,D181,True,171,6.0,2.3,26.06,0
CR2331,U1950,D186,True,152,5.0,2.62,31.58,0
CR2332,U1769,D186,False,107,,3.58,29.27,15
CR2333,U2668,D198,False,143,,2.89,38.29,4
CR2334,U1393,D117,True,31,1.0,3.99,19.93,0
CR2335,U2918,D128,False,104,,2.44,97.18,10
CR2336,U2533,D192,False,291,,2.29,91.64,12
CR2337,U1585,D143,True,62,6.0,2.18,20.12,0
CR2338,U2763,D195,False,188,,1.95,27.88,12
CR2339,U1610,D151,True,200,1.0,3.55,25.49,0
CR2340,U1551,D174,True,85,1.0,2.75,36.02,0
CR2341,U1372,D111,False,165,,1.37,54.55,1
CR2342,U1869,D139,False,123,,3.08,21.99,5
CR2343,U1816,D199,False,32,,1.98,71.43,2
CR2344,U1199,D179,True,104,3.0,1.05,84.11,0
CR2345,U1402,D185,False,154,,2.33,32.6,5
CR2346,U1929,D153,False,157,,4.51,6.8,7
CR2347,U2669,D107,True,194,3.0,3.56,0.0,0
CR2348,U1122,D113,False,146,,3.41,12.2,1
CR2349,U2415,D131,False,80,,3.19,23.81,21
CR2350,U1666,D132,True,82,9.0,4.84,13.58,0
CR2351,U1621,D108,False,143,,3.42,18.12,5
CR2352,U2505,D194,False,212,,4.01,27.67,2
CR2353,U1353,D100,True,132,7.0,4.81,9.09,0
CR2354,U1005,D160,False,91,,0.42,60.67,1
CR2355,U2234,D124,False,131,,2.68,32.19,5
CR2356,U1627,D160,True,84,1.0,2.78,33.69,0
CR2357,U1243,D175,False,143,,1.0,40.43,20
CR2358,U1863,D136,False,127,,1.74,0.0,1
CR2359,U1079,D182,False,228,,3.93,35.33,6
CR2360,U2815,D197,True,146,3.0,3.83,3.57,0
CR2361,U1719,D164,True,41,7.0,4.26,30.97,0
CR2362,U2333,D189,False,158,,4.19,3.38,8
CR2363,U2403,D114,False,195,,2.52,55.15,1
CR2364,U2447,D152,False,217,,3.84,0.0,1
CR2365,U1574,D156,True,43,8.0,2.19,75.56,0
CR2366,U1851,D176,True,178,2.0,2.92,6.67,0
CR2367,U1403,D181,True,193,2.0,3.92,39.18,0
CR2368,U1107,D183,False,32,,4.35,1.79,21
CR2369,U1556,D158,False,214,,2.64,35.48,1
CR2370,U1137,D190,True,246,1.0,3.61,88.04,0
CR2371,U2293,D121,False,393,,3.6,90.03,5
CR2372,U2984,D117,True,156,1.0,3.09,33.33,0
CR2373,U1366,D188,False,265,,3.2,31.87,30
CR2374,U1211,D133,True,168,1.0,4.53,11.81,0
CR2375,U2702,D135,False,156,,3.23,39.17,10
CR2376,U2863,D166,True,130,2.0,0.01,75.84,0
CR2377,U1362,D117,True,437,1.0,3.19,9.9,0
CR2378,U1127,D181,True,107,1.0,3.14,35.56,0
CR2379,U1229,D136,True,245,2.0,2.87,19.72,0
CR2380,U2752,D141,True,200,4.0,2.34,31.72,0
CR2381,U2582,D181,False,308,,3.17,34.1,7
CR2382,U2110,D146,True,67,1.0,2.77,31.01,0
CR2383,U2687,D107,True,200,1.0,2.99,35.59,0
CR2384,U2765,D113,False,84,,2.79,27.76,11
CR2385,U2788,D103,False,142,,1.81,64.8,20
CR2386,U2848,D153,True,240,5.0,3.69,26.94,0
CR2387,U1667,D110,False,23,,4.61,10.87,1
CR2388,U1985,D105,False,331,,2.95,37.5,1
CR2389,U2624,D174,True,56,2.0,1.79,50.76,0
CR2390,U2117,D140,False,314,,3.3,32.47,1
CR2391,U1768,D189,True,95,5.0,1.96,27.59,0
CR2392,U2119,D119,True,86,9.0,2.54,31.61,0
CR2393,U1204,D142,True,199,1.0,2.98,34.83,0
CR2394,U2688,D109,True,188,8.0,3.37,34.77,0
CR2395,U2987,D136,True,135,2.0,2.44,71.47,0
CR2396,U1580,D186,True,78,5.0,2.59,24.0,0
CR2397,U2222,D180,True,44,3.0,2.43,34.85,0
CR2398,U2470,D141,False,347,,3.84,15.98,11
CR2399,U1480,D139,True,70,7.0,4.22,33.9,0
CR2400,U1276,D192,True,500,2.0,3.44,23.38,0
CR2401,U1447,D117,False,130,,2.52,6.67,5
CR2402,U1810,D109,False,148,,3.29,27.86,7
CR2403,U1051,D116,False,79,,2.73,33.01,10
CR2404,U2647,D159,False,276,,1.41,77.78,11
CR2405,U1681,D188,False,145,,1.67,69.63,16
CR2406,U2860,D102,False,214,,3.42,25.93,4
CR2407,U1077,D122,False,206,,1.47,90.82,7
CR2408,U2982,D177,False,500,,3.36,38.24,12
CR2409,U1518,D178,False,153,,2.76,33.33,10
CR2410,U1660,D183,True,355,1.0,2.83,30.21,0
CR2411,U2988,D103,False,493,,2.74,69.64,1
CR2412,U1257,D184,False,330,,3.47,3.5,1
CR2413,U2369,D198,False,284,,0.23,56.92,7
CR2414,U2706,D183,False,106,,2.44,35.66,14
CR2415,U1183,D181,True,280,7.0,3.2,7.07,0
CR2416,U2120,D159,True,131,5.0,2.92,21.05,0
CR2417,U1378,D134,False,372,,4.35,0.0,4
CR2418,U2094,D128,False,234,,2.63,27.33,15
CR2419,U2378,D129,True,172,2.0,1.17,87.56,0
CR2420,U1624,D196,False,70,,3.33,42.22,2
CR2421,U1378,D182,True,50,4.0,4.35,0.0,0
CR2422,U2058,D106,False,113,,2.7,5.78,5
CR2423,U2761,D107,False,264,,3.07,4.17,2
CR2424,U2569,D186,True,155,1.0,4.7,16.86,0
CR2425,U1458,D164,False,110,,3.96,8.47,11
CR2426,U2300,D111,False,187,,1.93,35.08,15
CR2427,U2061,D189,False,121,,3.11,20.09,10
CR2428,U2547,D113,False,129,,2.72,59.18,10
CR2429,U2051,D199,False,149,,1.44,53.72,1
CR2430,U1840,D156,True,177,1.0,3.49,13.78,0
CR2431,U2134,D176,False,117,,3.86,24.95,9
CR2432,U1890,D104,True,183,7.0,3.68,36.47,0
CR2433,U2341,D122,True,307,6.0,4.27,2.6,0
CR2434,U2779,D128,False,355,,3.17,7.41,11
CR2435,U1588,D187,False,162,,2.6,18.92,1
CR2436,U1426,D140,False,159,,3.58,4.51,24
CR2437,U2959,D198,True,193,4.0,4.87,7.69,0
CR2438,U1219,D193,False,227,,3.55,26.19,1
CR2439,U1060,D152,True,119,10.0,4.83,3.33,0
CR2440,U1314,D190,True,397,1.0,3.02,25.68,0
CR2441,U2581,D162,True,74,1.0,3.22,22.73,0
CR2442,U1979,D156,True,263,2.0,3.65,22.48,0
CR2443,U2876,D137,True,143,2.0,3.13,23.16,0
CR2444,U1028,D174,True,63,1.0,3.35,24.75,0
CR2445,U1704,D173,False,203,,3.08,37.97,6
CR2446,U1249,D194,True,207,1.0,2.84,32.47,0
CR2447,U2296,D190,False,250,,2.41,3.12,5
CR2448,U2707,D196,False,216,,2.58,23.14,7
CR2449,U1506,D186,False,105,,3.06,87.13,14
CR2450,U1678,D154,False,138,,1.98,60.48,1
CR2451,U2546,D140,True,55,1.0,4.05,0.0,0
CR2452,U2688,D137,False,202,,3.37,34.77,3
CR2453,U1943,D118,False,189,,2.94,21.24,11
CR2454,U1984,D158,False,41,,4.81,13.72,1
CR2455,U1999,D100,False,408,,2.73,38.52,1
CR2456,U1450,D161,False,239,,3.71,10.47,20
CR2457,U1074,D138,False,281,,3.71,1.78,6
CR2458,U2874,D102,True,500,6.0,1.84,69.51,0
CR2459,U2407,D191,False,234,,3.57,62.8,7
CR2460,U1934,D176,True,311,1.0,2.76,29.52,0
CR2461,U2861,D105,False,391,,0.16,76.67,11
CR2462,U1946,D178,False,388,,0.51,62.5,5
CR2463,U1728,D174,False,124,,1.48,92.17,3
CR2464,U1883,D174,True,250,1.0,3.04,23.37,0
CR2465,U1613,D161,False,164,,2.09,32.31,1
CR2466,U2125,D197,False,180,,3.62,1.59,1
CR2467,U2853,D125,True,164,3.0,3.77,23.33,0
CR2468,U2065,D178,True,87,2.0,3.25,32.14,0
CR2469,U1244,D183,True,271,5.0,3.28,5.56,0
CR2470,U2875,D175,True,286,2.0,3.48,10.29,0
CR2471,U2606,D155,False,151,,2.29,38.1,5
CR2472,U2250,D108,True,166,2.0,2.64,34.4,0
CR2473,U1548,D146,True,74,6.0,1.98,85.87,0
CR2474,U2140,D153,True,271,2.0,3.73,38.16,0
CR2475,U2795,D116,True,37,4.0,3.52,37.85,0
CR2476,U2356,D180,False,133,,4.67,11.76,10
CR2477,U2215,D191,True,181,7.0,2.88,37.13,0
CR2478,U1847,D125,False,87,,1.99,4.97,7
CR2479,U1958,D157,True,147,1.0,4.32,5.75,0
CR2480,U1831,D189,True,337,1.0,0.98,71.69,0
CR2481,U1198,D142,False,88,,1.01,89.62,13
CR2482,U1197,D177,False,210,,3.58,0.0,1
CR2483,U1808,D111,False,500,,2.18,39.05,7
CR2484,U1490,D196,False,262,,3.15,37.0,10
CR2485,U1363,D122,True,162,7.0,3.46,27.63,0
CR2486,U2469,D101,True,314,4.0,2.91,31.84,0
CR2487,U1345,D138,False,280,,2.15,33.44,1
CR2488,U2550,D133,False,58,,2.92,20.41,16
CR2489,U2056,D140,True,159,1.0,3.84,22.73,0
CR2490,U2423,D138,True,375,6.0,2.83,23.79,0
CR2491,U2755,D170,False,314,,2.17,29.56,18
CR2492,U1008,D159,True,78,6.0,3.3,14.35,0
CR2493,U1578,D148,False,88,,2.72,29.3,1
CR2494,U1725,D119,False,120,,2.85,22.95,1
CR2495,U2777,D136,True,119,6.0,3.45,37.66,0
CR2496,U2385,D177,True,224,2.0,3.3,22.91,0
CR2497,U2378,D115,False,273,,1.17,87.56,20
CR2498,U2427,D138,True,389,2.0,3.39,33.33,0
CR2499,U2806,D182,False,314,,3.64,10.96,14
CR2500,U1046,D187,True,195,1.0,3.09,27.33,0
CR2501,U1625,D102,True,201,1.0,3.27,26.47,0
CR2502,U1807,D135,False,323,,1.02,85.26,1
CR2503,U2745,D170,False,62,,1.58,52.46,8
CR2504,U2124,D108,False,199,,4.8,6.58,1
CR2505,U1364,D111,True,26,2.0,4.92,10.56,0
CR2506,U1073,D109,True,500,1.0,2.78,34.79,0
CR2507,U1503,D180,True,88,1.0,1.74,22.63,0
CR2508,U1469,D192,False,79,,1.09,85.62,10
CR2509,U2930,D107,False,105,,3.9,4.22,17
CR2510,U2434,D164,False,159,,4.28,6.12,16
CR2511,U1915,D122,True,143,2.0,3.05,32.88,0
CR2512,U2636,D103,False,39,,1.76,24.18,13
CR2513,U1150,D162,False,151,,3.99,1.68,1
CR2514,U1909,D108,False,84,,2.52,59.57,2
CR2515,U2323,D147,False,159,,2.4,29.41,16
CR2516,U1054,D199,True,27,2.0,4.14,1.75,0
CR2517,U1844,D159,True,237,10.0,3.73,36.24,0
CR2518,U1989,D120,True,404,1.0,2.62,18.84,0
CR2519,U2250,D182,False,79,,2.64,34.4,4
CR2520,U2372,D152,True,470,1.0,3.77,38.11,0
CR2521,U1939,D164,False,261,,1.77,56.8,12
CR2522,U2739,D181,True,211,3.0,2.71,30.37,0
CR2523,U1370,D105,True,344,1.0,2.65,33.78,0
CR2524,U2224,D121,True,42,5.0,2.44,18.75,0
CR2525,U1426,D178,False,166,,3.58,4.51,17
CR2526,U2046,D187,False,398,,2.8,65.61,1
CR2527,U1996,D157,True,28,4.0,0.23,57.47,0
CR2528,U1471,D185,True,23,8.0,3.32,0.0,0
CR2529,U2959,D192,False,233,,4.87,7.69,20
CR2530,U1242,D102,True,393,6.0,2.15,21.05,0
CR2531,U2157,D197,False,229,,2.13,47.84,30
CR2532,U2589,D126,True,167,3.0,3.62,26.78,0
CR2533,U2303,D171,False,221,,3.4,27.96,30
CR2534,U2769,D177,True,12,10.0,2.97,24.06,0
CR2535,U2943,D168,False,162,,4.44,17.27,4
CR2536,U1074,D119,True,268,2.0,3.71,1.78,0
CR2537,U2036,D153,True,221,5.0,1.78,41.7,0
CR2538,U1965,D179,True,340,3.0,4.36,5.41,0
CR2539,U2046,D123,True,94,4.0,2.8,65.61,0
CR2540,U1452,D160,True,324,4.0,1.69,62.03,0
CR2541,U2892,D138,False,161,,1.83,30.02,1
CR2542,U1553,D133,True,163,1.0,2.83,24.13,0
CR2543,U1758,D111,True,359,1.0,4.63,19.74,0
CR2544,U2757,D126,False,165,,0.77,94.3,1
CR2545,U1155,D107,False,89,,2.47,23.11,5
CR2546,U2106,D151,False,359,,3.43,22.03,7
CR2547,U1059,D198,False,80,,3.73,15.91,1
CR2548,U2156,D157,False,145,,2.48,9.07,19
CR2549,U1994,D140,False,201,,2.6,24.26,1
CR2550,U1092,D159,False,134,,3.13,26.79,1
CR2551,U1658,D131,True,96,4.0,3.21,15.69,0
CR2552,U1202,D112,True,168,1.0,2.65,34.47,0
CR2553,U2666,D183,False,434,,1.91,68.42,18
CR2554,U2514,D176,False,67,,3.78,1.05,4
CR2555,U2259,D138,False,203,,2.87,25.0,2
CR2556,U2045,D197,False,294,,4.74,12.32,13
CR2557,U2644,D129,True,130,3.0,1.24,41.12,0
CR2558,U1857,D133,False,321,,2.96,9.65,16
CR2559,U2291,D180,False,223,,3.08,22.76,6
CR2560,U2442,D103,True,187,4.0,4.26,3.18,0
CR2561,U2035,D156,False,346,,4.54,14.56,13
CR2562,U1233,D142,True,34,3.0,1.19,49.25,0
CR2563,U1789,D193,False,398,,2.53,76.92,16
CR2564,U1759,D105,False,199,,4.86,10.75,1
CR2565,U2098,D168,False,121,,0.97,62.5,8
CR2566,U2048,D153,True,85,6.0,3.12,30.71,0
CR2567,U1631,D101,True,163,1.0,3.7,11.9,0
CR2568,U2736,D105,True,77,4.0,4.67,11.11,0
CR2569,U1702,D173,False,227,,2.83,20.18,17
CR2570,U2436,D159,True,216,6.0,4.19,8.77,0
CR2571,U1913,D115,False,168,,3.22,25.51,26
CR2572,U2776,D151,False,124,,2.58,11.11,16
CR2573,U1206,D145,True,296,1.0,1.87,29.82,0
CR2574,U1824,D105,False,127,,1.67,78.63,17
CR2575,U1487,D158,True,50,1.0,3.78,25.58,0
CR2576,U1760,D131,False,247,,2.49,21.29,1
CR2577,U2658,D179,True,266,3.0,2.79,36.41,0
CR2578,U1306,D187,True,76,1.0,2.54,77.8,0
CR2579,U1552,D144,True,40,1.0,2.85,34.78,0
CR2580,U1022,D104,True,68,1.0,3.32,22.4,0
CR2581,U1632,D187,False,241,,1.1,92.84,1
CR2582,U1742,D120,True,130,1.0,2.88,67.44,0
CR2583,U2689,D199,True,270,5.0,3.94,7.98,0
CR2584,U1495,D113,True,203,2.0,1.77,65.38,0
CR2585,U1920,D196,True,40,7.0,2.54,28.0,0
CR2586,U1487,D194,False,220,,3.78,25.58,10
CR2587,U2184,D142,True,393,8.0,2.69,58.4,0
CR2588,U2183,D161,True,289,4.0,1.86,72.0,0
CR2589,U1809,D120,False,123,,1.71,79.44,6
CR2590,U1192,D146,False,357,,3.08,26.52,1
CR2591,U1839,D111,True,60,2.0,2.71,18.18,0
CR2592,U2079,D196,True,315,6.0,3.31,29.74,0
CR2593,U2658,D181,True,338,6.0,2.79,36.41,0
CR2594,U2613,D145,False,324,,3.14,27.17,11
CR2595,U2056,D167,False,228,,3.84,22.73,22
CR2596,U2544,D106,False,138,,2.9,13.18,4
CR2597,U1971,D137,True,50,6.0,3.0,38.25,0
CR2598,U2280,D151,True,227,4.0,2.27,30.22,0
CR2599,U2285,D123,False,175,,2.67,34.57,1
CR2600,U1055,D187,False,112,,4.69,12.55,9
CR2601,U2546,D183,True,177,6.0,4.05,0.0,0
CR2602,U2231,D102,True,126,4.0,2.46,22.64,0
CR2603,U2532,D159,False,102,,1.71,41.03,1
CR2604,U1157,D197,True,97,5.0,2.78,26.32,0
CR2605,U1616,D116,True,121,5.0,3.37,28.33,0
CR2606,U2696,D145,False,294,,3.26,29.62,3
CR2607,U2163,D193,True,99,3.0,1.24,82.05,0
CR2608,U2831,D109,True,107,2.0,3.14,25.66,0
CR2609,U1629,D108,False,161,,2.52,75.63,7
CR2610,U2245,D109,False,180,,3.93,12.1,1
CR2611,U1208,D134,False,136,,3.35,37.97,4
CR2612,U2564,D147,False,155,,3.99,1.27,5
CR2613,U1502,D139,False,453,,2.63,13.44,8
CR2614,U2479,D197,True,484,6.0,3.98,17.57,0
CR2615,U2657,D112,True,461,5.0,1.07,52.13,0
CR2616,U2393,D150,True,14,4.0,2.39,19.23,0
CR2617,U1971,D160,True,116,5.0,3.0,38.25,0
CR2618,U2529,D127,False,500,,4.2,39.77,11
CR2619,U1533,D126,True,107,2.0,2.55,11.45,0
CR2620,U1372,D176,True,66,3.0,1.37,54.55,0
CR2621,U2679,D178,False,195,,4.73,0.0,9
CR2622,U2023,D177,True,238,1.0,3.85,31.15,0
CR2623,U2470,D188,False,241,,3.84,15.98,23
CR2624,U2465,D113,False,164,,3.92,15.2,14
CR2625,U2369,D193,False,220,,0.23,56.92,5
CR2626,U2080,D180,True,142,1.0,3.5,0.0,0
CR2627,U2506,D165,False,66,,4.37,5.94,4
CR2628,U1612,D189,True,255,1.0,4.04,23.88,0
CR2629,U2249,D126,False,123,,2.55,44.32,11
CR2630,U1191,D190,False,229,,3.09,4.5,5
CR2631,U2781,D171,False,122,,4.39,6.79,8
CR2632,U2112,D124,True,294,5.0,2.13,3.38,0
CR2633,U2869,D107,True,227,7.0,1.76,80.52,0
CR2634,U2065,D165,True,500,1.0,3.25,32.14,0
CR2635,U1216,D136,True,132,10.0,2.77,37.97,0
CR2636,U2239,D135,True,450,7.0,2.2,19.84,0
CR2637,U1992,D176,False,92,,2.41,87.5,1
CR2638,U1057,D199,False,454,,3.65,35.16,8
CR2639,U1204,D152,True,275,5.0,2.98,34.83,0
CR2640,U1698,D171,True,211,3.0,3.03,10.5,0
CR2641,U2625,D142,False,205,,3.87,19.4,1
CR2642,U1817,D166,True,145,7.0,3.3,31.91,0
CR2643,U2550,D171,False,106,,2.92,20.41,9
CR2644,U1793,D189,False,36,,3.08,35.1,17
CR2645,U1442,D145,True,262,1.0,4.89,18.0,0
CR2646,U2812,D180,False,195,,3.31,25.91,15
CR2647,U2094,D114,False,186,,2.63,27.33,20
CR2648,U2991,D104,False,122,,2.4,27.78,1
CR2649,U2396,D128,False,293,,0.16,68.06,8
CR2650,U1902,D129,False,294,,3.64,20.16,3
CR2651,U2654,D196,True,92,5.0,1.86,71.67,0
CR2652,U1284,D128,False,84,,3.47,37.27,10
CR2653,U2012,D175,True,225,1.0,3.49,22.22,0
CR2654,U2404,D196,True,500,2.0,0.34,89.92,0
CR2655,U2351,D168,True,220,3.0,2.53,22.49,0
CR2656,U1799,D193,True,196,3.0,3.39,25.66,0
CR2657,U1557,D192,True,265,1.0,3.29,25.79,0
CR2658,U2579,D156,False,265,,1.32,88.6,6
CR2659,U1189,D197,False,278,,0.74,93.02,7
CR2660,U1311,D132,True,165,5.0,2.49,39.01,0
CR2661,U1032,D189,True,208,2.0,3.68,3.69,0
CR2662,U1373,D179,False,173,,4.81,1.23,6
CR2663,U2970,D172,True,63,3.0,3.6,0.85,0
CR2664,U1519,D106,False,162,,1.03,54.81,7
CR2665,U2519,D184,True,144,10.0,1.98,3.57,0
CR2666,U2699,D183,False,95,,4.57,8.97,13
CR2667,U2478,D161,False,181,,1.85,6.9,5
CR2668,U2801,D176,False,114,,0.68,77.73,1
CR2669,U2232,D148,False,75,,0.32,56.2,1
CR2670,U2526,D181,False,85,,4.4,1.8,3
CR2671,U1127,D184,False,185,,3.14,35.56,1
CR2672,U2959,D108,False,246,,4.87,7.69,3
CR2673,U2594,D142,False,94,,3.22,26.89,7
CR2674,U1417,D148,True,68,1.0,3.83,17.88,0
CR2675,U2538,D103,True,262,3.0,2.14,50.8,0
CR2676,U2576,D112,True,436,1.0,4.58,17.97,0
CR2677,U2985,D154,False,227,,2.86,25.89,1
CR2678,U2405,D142,False,391,,2.59,25.69,3
CR2679,U2386,D193,True,143,2.0,3.76,16.42,0
CR2680,U2934,D104,False,299,,2.23,39.02,2
CR2681,U2542,D152,True,192,1.0,1.09,89.93,0
CR2682,U2598,D188,False,64,,4.57,2.61,3
CR2683,U1405,D195,True,352,5.0,3.49,22.77,0
CR2684,U1959,D192,True,255,1.0,3.29,19.14,0
CR2685,U2313,D116,False,246,,3.35,9.29,4
CR2686,U2563,D180,True,233,5.0,2.35,24.36,0
CR2687,U1871,D183,False,230,,2.29,23.61,3
CR2688,U2120,D153,False,99,,2.92,21.05,9
CR2689,U1401,D181,True,118,2.0,2.94,37.66,0
CR2690,U1893,D142,True,363,4.0,4.33,11.02,0
CR2691,U1053,D147,False,500,,3.71,33.03,8
CR2692,U1645,D192,True,69,2.0,2.43,25.34,0
CR2693,U2493,D143,True,181,1.0,4.66,3.11,0
CR2694,U1317,D164,False,235,,3.85,37.46,1
CR2695,U1573,D122,False,207,,3.25,29.13,11
CR2696,U2578,D140,True,257,2.0,4.46,3.37,0
CR2697,U1381,D103,True,172,2.0,3.17,40.0,0
CR2698,U1582,D158,False,163,,2.5,33.73,1
CR2699,U2633,D158,True,500,5.0,2.04,30.0,0
CR2700,U2475,D132,False,152,,3.95,26.29,9
CR2701,U1971,D185,False,204,,3.0,38.25,8
CR2702,U1034,D197,True,385,2.0,2.48,21.18,0
CR2703,U2259,D105,False,143,,2.87,25.0,20
CR2704,U2392,D106,False,464,,4.68,11.11,8
CR2705,U1054,D122,True,261,4.0,4.14,1.75,0
CR2706,U1049,D109,True,135,1.0,2.73,38.97,0
CR2707,U2683,D193,True,150,5.0,4.6,2.91,0
CR2708,U2517,D135,False,417,,2.59,37.07,11
CR2709,U2728,D150,True,78,1.0,3.16,38.13,0
CR2710,U1496,D193,False,91,,0.48,94.44,12
CR2711,U2838,D129,True,73,6.0,4.29,7.14,0
CR2712,U1862,D157,True,209,1.0,3.01,34.62,0
CR2713,U2263,D172,False,173,,2.67,25.86,15
CR2714,U2153,D179,False,258,,2.64,52.36,3
CR2715,U2690,D125,False,95,,3.71,14.11,7
CR2716,U2197,D107,False,156,,2.99,18.56,1
CR2717,U1409,D161,True,500,2.0,4.08,16.56,0
CR2718,U2669,D102,True,40,3.0,3.56,0.0,0
CR2719,U1343,D113,False,111,,2.94,13.91,11
CR2720,U1308,D119,False,175,,2.11,33.77,5
CR2721,U2704,D195,True,107,2.0,4.1,11.35,0
CR2722,U2394,D156,False,198,,0.99,77.65,8
CR2723,U2498,D119,True,185,1.0,3.42,20.36,0
CR2724,U1485,D185,True,500,5.0,3.34,0.0,0
CR2725,U2361,D135,True,296,8.0,2.97,35.94,0
CR2726,U1588,D186,True,98,4.0,2.6,18.92,0
CR2727,U2195,D147,True,210,1.0,1.01,74.78,0
CR2728,U2569,D198,False,115,,4.7,16.86,6
CR2729,U1193,D157,False,164,,3.51,7.25,1
CR2730,U1038,D174,True,63,5.0,1.58,95.65,0
CR2731,U1735,D113,False,195,,4.55,4.11,16
CR2732,U2275,D178,False,176,,4.14,16.16,8
CR2733,U1436,D175,False,121,,2.83,25.36,10
CR2734,U2349,D141,True,186,9.0,3.75,21.0,0
CR2735,U1744,D183,True,144,6.0,1.62,38.46,0
CR2736,U1167,D125,True,20,2.0,2.42,22.73,0
CR2737,U1763,D151,True,171,1.0,3.32,30.61,0
CR2738,U1954,D170,False,240,,3.46,6.12,3
CR2739,U2061,D105,False,98,,3.11,20.09,9
CR2740,U1937,D191,False,125,,4.08,35.47,5
CR2741,U1396,D192,True,108,2.0,2.24,30.93,0
CR2742,U1055,D166,False,420,,4.69,12.55,13
CR2743,U2070,D189,False,394,,2.65,28.57,1
CR2744,U2777,D198,True,363,4.0,3.45,37.66,0
CR2745,U1857,D162,True,313,2.0,2.96,9.65,0
CR2746,U1640,D102,False,242,,3.22,29.55,12
CR2747,U1720,D132,True,24,4.0,1.02,59.28,0
CR2748,U2625,D183,True,286,6.0,3.87,19.4,0
CR2749,U2168,D136,True,213,1.0,3.97,7.14,0
CR2750,U1186,D198,False,44,,2.57,20.0,10
CR2751,U1210,D152,True,217,3.0,2.66,38.48,0
CR2752,U2918,D129,False,138,,2.44,97.18,5
CR2753,U2757,D181,True,500,4.0,0.77,94.3,0
CR2754,U1628,D135,False,99,,3.96,0.0,18
CR2755,U2507,D169,False,203,,2.63,28.57,19
CR2756,U2653,D131,True,82,2.0,3.93,11.67,0
CR2757,U1170,D145,True,63,4.0,3.79,14.47,0
CR2758,U2056,D162,True,91,2.0,3.84,22.73,0
CR2759,U1641,D192,True,41,1.0,0.22,96.03,0
CR2760,U2988,D156,True,162,4.0,2.74,69.64,0
CR2761,U2838,D158,True,251,4.0,4.29,7.14,0
CR2762,U1262,D109,True,87,1.0,0.23,71.17,0
CR2763,U1032,D171,False,277,,3.68,3.69,15
CR2764,U1403,D113,False,156,,3.92,39.18,4
CR2765,U2403,D110,True,500,1.0,2.52,55.15,0
CR2766,U2068,D187,True,74,5.0,4.03,17.0,0
CR2767,U1663,D163,True,371,1.0,2.22,22.22,0
CR2768,U1284,D143,False,308,,3.47,37.27,19
CR2769,U2174,D103,False,104,,2.95,31.24,21
CR2770,U1986,D115,True,471,3.0,1.83,19.32,0
CR2771,U2854,D116,False,100,,2.7,18.18,11
CR2772,U2410,D184,False,96,,3.05,29.25,4
CR2773,U1411,D160,False,129,,0.84,50.4,15
CR2774,U2515,D109,True,394,1.0,0.69,44.16,0
CR2775,U2771,D115,False,93,,3.77,28.28,16
CR2776,U1959,D180,True,317,1.0,3.29,19.14,0
CR2777,U2962,D184,False,151,,1.52,38.1,13
CR2778,U1694,D198,False,244,,4.26,17.09,10
CR2779,U1490,D112,False,57,,3.15,37.0,4
CR2780,U2344,D108,False,166,,2.14,51.37,20
CR2781,U2028,D173,True,304,1.0,4.1,0.89,0
CR2782,U1373,D169,False,198,,4.81,1.23,12
CR2783,U1029,D199,True,170,1.0,2.64,32.66,0
CR2784,U1717,D199,True,46,1.0,2.65,91.76,0
CR2785,U1603,D174,False,95,,4.36,30.85,1
CR2786,U1654,D186,False,69,,4.99,0.0,1
CR2787,U1520,D116,True,280,3.0,4.57,11.59,0
CR2788,U2763,D138,False,120,,1.95,27.88,9
CR2789,U1764,D118,True,173,6.0,4.67,4.69,0
CR2790,U2652,D154,False,262,,1.03,40.32,4
CR2791,U1409,D173,True,254,9.0,4.08,16.56,0
CR2792,U1289,D111,False,293,,2.17,36.76,5
CR2793,U1194,D102,True,270,1.0,2.65,24.07,0
CR2794,U1200,D160,False,215,,4.69,8.56,2
CR2795,U2812,D164,True,34,3.0,3.31,25.91,0
CR2796,U1132,D168,False,336,,1.07,84.07,7
CR2797,U1588,D153,True,270,7.0,2.6,18.92,0
CR2798,U1014,D116,False,183,,2.31,20.0,7
CR2799,U1042,D171,True,235,2.0,2.66,0.0,0
CR2800,U2107,D123,True,151,3.0,3.64,6.41,0
CR2801,U2831,D176,True,117,2.0,3.14,25.66,0
CR2802,U2363,D152,True,384,2.0,4.54,5.38,0
CR2803,U1103,D194,False,163,,3.62,18.75,12
CR2804,U1249,D102,True,312,1.0,2.84,32.47,0
CR2805,U1537,D131,True,218,7.0,2.9,31.45,0
CR2806,U2272,D127,True,225,8.0,4.16,37.21,0
CR2807,U1102,D115,True,125,2.0,2.94,23.42,0
CR2808,U2161,D191,False,131,,0.93,95.71,8
CR2809,U2650,D168,True,73,2.0,2.43,24.59,0
CR2810,U1999,D102,False,260,,2.73,38.52,12
CR2811,U2783,D169,True,150,2.0,3.74,24.35,0
CR2812,U2985,D199,True,325,1.0,2.86,25.89,0
CR2813,U1520,D177,False,40,,4.57,11.59,11
CR2814,U2502,D154,False,197,,3.44,25.42,5
CR2815,U2820,D144,True,96,4.0,0.85,57.14,0
CR2816,U2756,D198,False,31,,1.87,37.5,11
CR2817,U1280,D131,True,119,2.0,2.3,47.56,0
CR2818,U1778,D138,False,129,,1.04,67.96,1
CR2819,U2516,D116,False,74,,4.35,23.85,8
CR2820,U2304,D167,True,345,1.0,3.08,36.4,0
CR2821,U1698,D101,False,192,,3.03,10.5,30
CR2822,U1736,D104,True,109,1.0,2.95,34.23,0
CR2823,U1479,D139,False,39,,3.64,13.89,17
CR2824,U1243,D124,True,62,2.0,1.0,40.43,0
CR2825,U1920,D163,False,103,,2.54,28.0,15
CR2826,U1466,D164,True,104,3.0,1.38,72.56,0
CR2827,U2539,D103,False,264,,1.27,98.95,11
CR2828,U1724,D104,False,169,,2.29,20.23,14
CR2829,U1146,D183,False,465,,3.74,8.51,30
CR2830,U1652,D143,False,194,,4.12,26.56,6
CR2831,U1477,D116,True,77,2.0,2.55,23.81,0
CR2832,U1625,D137,True,500,8.0,3.27,26.47,0
CR2833,U2078,D114,True,320,1.0,2.93,19.23,0
CR2834,U2413,D106,True,184,1.0,2.16,50.0,0
CR2835,U1854,D123,False,158,,3.4,18.71,7
CR2836,U2660,D145,False,132,,3.4,20.35,18
CR2837,U1036,D168,False,192,,1.48,54.95,7
CR2838,U1257,D126,False,130,,3.47,3.5,3
CR2839,U1236,D170,True,169,2.0,0.76,53.56,0
CR2840,U2505,D156,True,215,3.0,4.01,27.67,0
CR2841,U1228,D121,False,175,,2.45,38.57,5
CR2842,U1051,D105,False,49,,2.73,33.01,10
CR2843,U2141,D119,False,155,,3.31,30.43,10
CR2844,U1871,D124,False,310,,2.29,23.61,6
CR2845,U1059,D124,True,245,1.0,3.73,15.91,0
CR2846,U2625,D120,False,60,,3.87,19.4,5
CR2847,U2580,D137,True,193,2.0,3.47,9.21,0
CR2848,U2219,D134,True,121,1.0,2.76,33.33,0
CR2849,U2082,D158,True,73,8.0,4.06,36.69,0
CR2850,U1517,D118,True,150,1.0,2.4,34.27,0
CR2851,U2450,D137,True,156,5.0,2.85,21.38,0
CR2852,U2660,D125,False,104,,3.4,20.35,16
CR2853,U1491,D123,True,401,2.0,0.3,48.15,0
CR2854,U2318,D197,True,124,8.0,1.74,35.92,0
CR2855,U1814,D138,False,153,,3.04,6.88,6
CR2856,U2765,D121,True,315,3.0,2.79,27.76,0
CR2857,U2416,D187,True,240,7.0,2.76,19.77,0
CR2858,U2907,D107,False,397,,3.62,16.2,8
CR2859,U2225,D119,False,372,,4.1,8.27,5
CR2860,U2187,D137,True,354,5.0,2.67,24.32,0
CR2861,U2742,D172,False,199,,3.06,32.23,1
CR2862,U2906,D130,False,89,,1.98,39.46,15
CR2863,U1988,D129,True,101,1.0,2.37,28.77,0
CR2864,U1560,D157,False,195,,4.74,1.72,4
CR2865,U2140,D195,False,251,,3.73,38.16,1
CR2866,U2824,D129,True,223,4.0,1.16,63.36,0
CR2867,U2745,D182,True,72,4.0,1.58,52.46,0
CR2868,U2680,D149,False,211,,1.82,24.32,2
CR2869,U1864,D137,True,127,1.0,2.47,1.61,0
CR2870,U1377,D171,True,309,2.0,4.51,10.53,0
CR2871,U1016,D139,False,398,,0.93,74.88,6
CR2872,U2876,D136,True,171,7.0,3.13,23.16,0
CR2873,U1224,D179,False,108,,2.88,23.73,16
CR2874,U1416,D198,True,427,1.0,4.77,23.81,0
CR2875,U1520,D190,False,400,,4.57,11.59,10
CR2876,U2877,D199,False,101,,3.1,23.64,8
CR2877,U2824,D113,True,340,1.0,1.16,63.36,0
CR2878,U2211,D142,False,256,,2.85,37.93,4
CR2879,U1685,D140,False,442,,3.48,27.48,4
CR2880,U2426,D178,True,172,3.0,4.67,18.42,0
CR2881,U2610,D145,False,80,,4.12,20.0,2
CR2882,U2558,D158,True,130,5.0,1.64,64.13,0
CR2883,U2570,D198,True,47,3.0,3.15,26.42,0
CR2884,U2698,D120,True,204,5.0,4.87,14.75,0
CR2885,U1842,D175,False,113,,4.4,18.09,10
CR2886,U2751,D137,False,46,,3.43,3.77,12
CR2887,U1544,D150,False,320,,3.18,7.35,4
CR2888,U1831,D161,False,121,,0.98,71.69,27
CR2889,U2593,D145,True,134,1.0,0.45,57.33,0
CR2890,U2925,D175,False,408,,3.61,27.25,9
CR2891,U1237,D137,False,295,,2.47,70.11,3
CR2892,U1397,D177,True,143,5.0,2.7,11.02,0
CR2893,U2230,D109,False,500,,4.32,39.58,6
CR2894,U1253,D116,True,223,5.0,3.75,0.0,0
CR2895,U1588,D132,True,90,3.0,2.6,18.92,0
CR2896,U1496,D160,False,51,,0.48,94.44,3
CR2897,U2823,D162,False,284,,2.09,80.21,3
CR2898,U1270,D119,True,97,3.0,4.93,7.42,0
CR2899,U2269,D175,True,186,6.0,2.25,27.04,0
CR2900,U1631,D159,True,272,3.0,3.7,11.9,0
CR2901,U1053,D191,False,76,,3.71,33.03,19
CR2902,U1801,D196,True,212,6.0,3.48,20.55,0
CR2903,U1013,D180,False,195,,4.13,8.56,2
CR2904,U2623,D175,True,196,3.0,3.03,21.68,0
CR2905,U1798,D141,True,114,5.0,2.5,32.48,0
CR2906,U2891,D161,True,203,6.0,1.81,36.29,0
CR2907,U2280,D125,False,96,,2.27,30.22,14
CR2908,U2448,D176,False,107,,3.76,19.55,10
CR2909,U2809,D141,True,151,7.0,1.43,78.97,0
CR2910,U1002,D191,True,229,6.0,3.07,22.39,0
CR2911,U1526,D192,False,195,,3.93,10.11,11
CR2912,U2331,D188,False,202,,3.12,4.95,23
CR2913,U1937,D114,False,267,,4.08,35.47,9
CR2914,U1723,D193,False,244,,4.43,20.17,11
CR2915,U2545,D137,True,194,3.0,4.83,5.26,0
CR2916,U2491,D131,True,353,6.0,3.33,12.67,0
CR2917,U2190,D113,False,298,,3.18,14.7,20
CR2918,U1426,D190,False,235,,3.58,4.51,1
CR2919,U1535,D141,False,77,,2.19,63.75,1
CR2920,U2463,D107,False,46,,1.82,52.83,1
CR2921,U2685,D152,False,75,,3.89,2.98,2
CR2922,U2800,D183,True,171,7.0,3.1,23.89,0
CR2923,U1824,D143,True,181,1.0,1.67,78.63,0
CR2924,U2346,D121,False,253,,2.06,50.0,20
CR2925,U2649,D195,True,170,2.0,4.18,2.82,0
CR2926,U2740,D117,False,193,,3.46,79.03,9
CR2927,U1003,D145,False,201,,4.04,15.98,8
CR2928,U2460,D123,True,156,3.0,3.01,36.2,0
CR2929,U2693,D192,False,124,,3.33,19.89,17
CR2930,U2564,D127,True,152,8.0,3.99,1.27,0
CR2931,U2671,D199,True,414,1.0,2.15,55.29,0
CR2932,U1941,D145,True,296,1.0,2.9,35.45,0
CR2933,U1611,D188,False,56,,4.93,11.33,1
CR2934,U1303,D162,False,82,,3.41,33.78,3
CR2935,U1204,D170,False,237,,2.98,34.83,1
CR2936,U1668,D131,False,95,,3.96,4.52,8
CR2937,U2315,D187,False,113,,1.86,22.27,5
CR2938,U1050,D179,True,336,5.0,0.47,74.61,0
CR2939,U2147,D121,False,159,,3.23,24.1,4
CR2940,U2401,D177,False,103,,3.46,20.66,3
CR2941,U2710,D132,False,146,,1.59,67.4,12
CR2942,U2159,D163,True,234,8.0,3.26,33.76,0
CR2943,U1283,D193,False,113,,2.65,26.78,4
CR2944,U2509,D112,True,262,2.0,3.15,23.66,0
CR2945,U2055,D178,False,116,,1.51,75.32,2
CR2946,U2587,D152,True,386,2.0,2.03,20.22,0
CR2947,U1622,D170,False,235,,1.14,59.96,1
CR2948,U2038,D122,True,409,6.0,4.52,18.0,0
CR2949,U1488,D159,True,298,3.0,1.54,98.18,0
CR2950,U2909,D106,False,107,,2.54,36.1,8
CR2951,U1489,D198,True,500,1.0,4.01,27.18,0
CR2952,U2596,D192,True,166,4.0,2.12,53.75,0
CR2953,U1625,D136,True,265,1.0,3.27,26.47,0
CR2954,U1349,D190,True,206,4.0,1.11,49.01,0
CR2955,U1676,D196,False,133,,2.11,29.59,10
CR2956,U1846,D191,False,87,,2.97,32.64,10
CR2957,U2341,D123,True,151,5.0,4.27,2.6,0
CR2958,U1881,D133,True,155,1.0,2.16,31.63,0
CR2959,U2923,D195,True,500,3.0,2.6,30.3,0
CR2960,U1350,D119,True,256,2.0,3.25,29.26,0
CR2961,U1707,D158,False,50,,2.02,25.22,11
CR2962,U1919,D162,True,447,1.0,2.58,30.88,0
CR2963,U1708,D168,False,152,,3.56,38.03,1
CR2964,U2652,D101,True,72,2.0,1.03,40.32,0
CR2965,U1098,D186,False,176,,3.48,26.27,9
CR2966,U2336,D171,False,57,,1.58,58.77,7
CR2967,U1315,D116,False,87,,1.21,56.72,1
CR2968,U2491,D112,False,300,,3.33,12.67,11
CR2969,U1015,D158,True,163,6.0,4.47,17.19,0
CR2970,U1399,D147,True,352,3.0,2.74,28.84,0
CR2971,U1425,D122,False,320,,4.65,1.89,3
CR2972,U2014,D172,True,79,4.0,2.06,48.05,0
CR2973,U2782,D101,False,62,,1.97,10.27,9
CR2974,U1921,D166,True,37,5.0,1.22,49.52,0
CR2975,U2584,D183,True,207,2.0,1.14,59.14,0
CR2976,U2031,D141,False,430,,3.22,39.76,24
CR2977,U1554,D194,True,154,5.0,2.88,29.89,0
CR2978,U2565,D126,True,220,2.0,4.96,5.36,0
CR2979,U2073,D189,True,93,3.0,4.94,8.93,0
CR2980,U2872,D132,False,27,,2.84,34.13,10
CR2981,U1254,D116,True,74,1.0,2.34,23.75,0
CR2982,U1111,D137,True,419,2.0,2.52,25.6,0
CR2983,U2229,D149,True,365,1.0,3.63,35.46,0
CR2984,U1122,D149,True,226,3.0,3.41,12.2,0
CR2985,U1944,D116,True,361,1.0,2.61,28.38,0
CR2986,U2491,D134,False,84,,3.33,12.67,6
CR2987,U2501,D119,True,61,5.0,3.96,6.38,0
CR2988,U2095,D142,True,233,1.0,0.36,75.29,0
CR2989,U2679,D190,True,117,4.0,4.73,0.0,0
CR2990,U1933,D136,True,275,2.0,3.01,69.83,0
CR2991,U1084,D128,False,231,,2.04,62.67,19
CR2992,U1718,D121,False,156,,1.67,84.22,5
CR2993,U1979,D199,False,135,,3.65,22.48,23
CR2994,U2368,D163,False,129,,3.24,28.68,1
CR2995,U2584,D114,True,155,5.0,1.14,59.14,0
CR2996,U2168,D174,False,284,,3.97,7.14,7
CR2997,U1288,D184,True,83,4.0,4.08,32.25,0
CR2998,U1820,D145,False,168,,0.67,88.89,9
CR2999,U1141,D145,False,264,,1.77,33.42,4
