rider_id,rider_rating,rider_password,prior_cancellations,total_rides_booked,cancelation_rate
U1000,3.04,pass1000,61,226,26.99
U1001,3.45,pass1001,64,219,29.22
U1002,3.07,pass1002,73,326,22.39
U1003,4.04,pass1003,54,338,15.98
U1004,4.24,pass1004,0,29,0.0
U1005,0.42,pass1005,91,150,60.67
U1006,3.64,pass1006,65,321,20.25
U1007,4.02,pass1007,85,467,18.2
U1008,3.3,pass1008,66,460,14.35
U1009,3.11,pass1009,28,101,27.72
U1010,2.95,pass1010,39,46,84.78
U1011,1.17,pass1011,170,228,74.56
U1012,2.95,pass1012,58,250,23.2
U1013,4.13,pass1013,35,409,8.56
U1014,2.31,pass1014,11,55,20.0
U1015,4.47,pass1015,11,64,17.19
U1016,0.93,pass1016,301,402,74.88
U1017,2.14,pass1017,43,122,35.25
U1018,1.31,pass1018,473,500,94.6
U1019,4.02,pass1019,18,427,4.22
U1020,3.39,pass1020,49,179,27.37
U1021,2.63,pass1021,27,80,33.75
U1022,3.32,pass1022,69,308,22.4
U1023,4.49,pass1023,117,443,26.41
U1024,3.97,pass1024,0,0,0.0
U1025,0.52,pass1025,64,99,64.65
U1026,0.94,pass1026,144,297,48.48
U1027,1.3,pass1027,432,465,92.9
U1028,3.35,pass1028,98,396,24.75
U1029,2.64,pass1029,81,248,32.66
U1030,2.25,pass1030,114,143,79.72
U1031,1.55,pass1031,109,139,78.42
U1032,3.68,pass1032,9,244,3.69
U1033,2.75,pass1033,66,248,26.61
U1034,2.48,pass1034,36,170,21.18
U1035,1.64,pass1035,192,304,63.16
U1036,1.48,pass1036,183,333,54.95
U1037,1.78,pass1037,105,147,71.43
U1038,1.58,pass1038,22,23,95.65
U1039,3.56,pass1039,11,23,47.83
U1040,2.46,pass1040,43,163,26.38
U1041,2.6,pass1041,52,138,37.68
U1042,2.66,pass1042,0,2,0.0
U1043,3.35,pass1043,54,188,28.72
U1044,1.5,pass1044,145,478,30.33
U1045,3.17,pass1045,123,343,35.86
U1046,3.09,pass1046,41,150,27.33
U1047,3.4,pass1047,66,249,26.51
U1048,0.75,pass1048,269,434,61.98
U1049,2.73,pass1049,159,408,38.97
U1050,0.47,pass1050,144,193,74.61
U1051,2.73,pass1051,103,312,33.01
U1052,4.37,pass1052,30,189,15.87
U1053,3.71,pass1053,72,218,33.03
U1054,4.14,pass1054,1,57,1.75
U1055,4.69,pass1055,62,494,12.55
U1056,4.61,pass1056,39,226,17.26
U1057,3.65,pass1057,160,455,35.16
U1058,3.9,pass1058,107,311,34.41
U1059,3.73,pass1059,7,44,15.91
U1060,4.83,pass1060,4,120,3.33
U1061,3.78,pass1061,0,21,0.0
U1062,3.51,pass1062,12,19,63.16
U1063,2.31,pass1063,213,375,56.8
U1064,3.78,pass1064,41,231,17.75
U1065,3.41,pass1065,278,285,97.54
U1066,3.72,pass1066,41,183,22.4
U1067,3.51,pass1067,55,194,28.35
U1068,1.48,pass1068,132,157,84.08
U1069,3.93,pass1069,2,187,1.07
U1070,4.25,pass1070,44,471,9.34
U1071,1.43,pass1071,102,254,40.16
U1072,1.0,pass1072,169,277,61.01
U1073,2.78,pass1073,127,365,34.79
U1074,3.71,pass1074,5,281,1.78
U1075,3.14,pass1075,30,110,27.27
U1076,2.52,pass1076,8,22,36.36
U1077,1.47,pass1077,89,98,90.82
U1078,3.82,pass1078,111,337,32.94
U1079,3.93,pass1079,65,184,35.33
U1080,0.52,pass1080,251,347,72.33
U1081,3.44,pass1081,132,462,28.57
U1082,3.28,pass1082,354,362,97.79
U1083,1.99,pass1083,15,65,23.08
U1084,2.04,pass1084,47,75,62.67
U1085,1.8,pass1085,29,38,76.32
U1086,4.07,pass1086,21,84,25.0
U1087,0.95,pass1087,65,68,95.59
U1088,3.09,pass1088,39,142,27.46
U1089,1.02,pass1089,42,80,52.5
U1090,0.9,pass1090,62,79,78.48
U1091,3.13,pass1091,52,181,28.73
U1092,3.13,pass1092,15,56,26.79
U1093,1.03,pass1093,427,472,90.47
U1094,3.76,pass1094,48,108,44.44
U1095,4.56,pass1095,17,97,17.53
U1096,4.72,pass1096,4,26,15.38
U1097,2.97,pass1097,43,117,36.75
U1098,3.48,pass1098,57,217,26.27
U1099,2.87,pass1099,67,307,21.82
U1100,1.78,pass1100,248,485,51.13
U1101,3.29,pass1101,138,452,30.53
U1102,2.94,pass1102,100,427,23.42
U1103,3.62,pass1103,15,80,18.75
U1104,4.08,pass1104,47,284,16.55
U1105,2.39,pass1105,76,380,20.0
U1106,2.68,pass1106,83,371,22.37
U1107,4.35,pass1107,1,56,1.79
U1108,1.03,pass1108,374,477,78.41
U1109,4.64,pass1109,35,185,18.92
U1110,4.01,pass1110,7,64,10.94
U1111,2.52,pass1111,43,168,25.6
U1112,3.35,pass1112,1,489,0.2
U1113,0.95,pass1113,22,32,68.75
U1114,3.42,pass1114,177,474,37.34
U1115,2.83,pass1115,78,234,33.33
U1116,4.96,pass1116,7,268,2.61
U1117,3.25,pass1117,13,52,25.0
U1118,3.63,pass1118,46,217,21.2
U1119,2.91,pass1119,120,456,26.32
U1120,3.04,pass1120,140,367,38.15
U1121,3.45,pass1121,30,128,23.44
U1122,3.41,pass1122,5,41,12.2
U1123,2.17,pass1123,75,343,21.87
U1124,3.83,pass1124,66,217,30.41
U1125,3.35,pass1125,99,178,55.62
U1126,0.87,pass1126,87,195,44.62
U1127,3.14,pass1127,16,45,35.56
U1128,4.32,pass1128,1,16,6.25
U1129,3.25,pass1129,155,409,37.9
U1130,4.98,pass1130,0,2,0.0
U1131,1.27,pass1131,207,377,54.91
U1132,1.07,pass1132,95,113,84.07
U1133,2.72,pass1133,95,303,31.35
U1134,0.84,pass1134,196,344,56.98
U1135,2.08,pass1135,4,12,33.33
U1136,3.4,pass1136,48,297,16.16
U1137,3.61,pass1137,81,92,88.04
U1138,3.5,pass1138,42,281,14.95
U1139,4.06,pass1139,127,362,35.08
U1140,4.02,pass1140,29,226,12.83
U1141,1.77,pass1141,124,371,33.42
U1142,2.07,pass1142,248,259,95.75
U1143,3.17,pass1143,79,278,28.42
U1144,0.3,pass1144,225,375,60.0
U1145,3.28,pass1145,32,160,20.0
U1146,3.74,pass1146,12,141,8.51
U1147,1.7,pass1147,45,76,59.21
U1148,1.75,pass1148,283,347,81.56
U1149,2.8,pass1149,41,206,19.9
U1150,3.99,pass1150,3,179,1.68
U1151,1.24,pass1151,333,470,70.85
U1152,3.39,pass1152,3,13,23.08
U1153,2.95,pass1153,40,199,20.1
U1154,2.37,pass1154,60,259,23.17
U1155,2.47,pass1155,61,264,23.11
U1156,2.25,pass1156,128,191,67.02
U1157,2.78,pass1157,10,38,26.32
U1158,3.05,pass1158,83,301,27.57
U1159,3.74,pass1159,122,421,28.98
U1160,2.09,pass1160,72,266,27.07
U1161,2.22,pass1161,230,297,77.44
U1162,2.2,pass1162,60,98,61.22
U1163,4.38,pass1163,34,375,9.07
U1164,4.26,pass1164,61,489,12.47
U1165,4.15,pass1165,27,305,8.85
U1166,4.13,pass1166,4,486,0.82
U1167,2.42,pass1167,20,88,22.73
U1168,3.23,pass1168,12,49,24.49
U1169,3.54,pass1169,27,127,21.26
U1170,3.79,pass1170,66,456,14.47
U1171,2.44,pass1171,35,138,25.36
U1172,2.5,pass1172,39,182,21.43
U1173,2.46,pass1173,135,184,73.37
U1174,2.99,pass1174,35,208,16.83
U1175,3.18,pass1175,38,125,30.4
U1176,2.23,pass1176,125,428,29.21
U1177,1.89,pass1177,15,53,28.3
U1178,1.83,pass1178,49,130,37.69
U1179,3.11,pass1179,132,242,54.55
U1180,4.38,pass1180,26,114,22.81
U1181,4.73,pass1181,60,157,38.22
U1182,3.53,pass1182,31,254,12.2
U1183,3.2,pass1183,14,198,7.07
U1184,3.86,pass1184,55,420,13.1
U1185,2.37,pass1185,12,35,34.29
U1186,2.57,pass1186,2,10,20.0
U1187,0.39,pass1187,163,331,49.24
U1188,1.16,pass1188,119,140,85.0
U1189,0.74,pass1189,160,172,93.02
U1190,2.16,pass1190,233,409,56.97
U1191,3.09,pass1191,9,200,4.5
U1192,3.08,pass1192,35,132,26.52
U1193,3.51,pass1193,14,193,7.25
U1194,2.65,pass1194,13,54,24.07
U1195,3.63,pass1195,123,311,39.55
U1196,2.64,pass1196,91,253,35.97
U1197,3.58,pass1197,0,35,0.0
U1198,1.01,pass1198,259,289,89.62
U1199,1.05,pass1199,360,428,84.11
U1200,4.69,pass1200,28,327,8.56
U1201,2.31,pass1201,213,378,56.35
U1202,2.65,pass1202,91,264,34.47
U1203,3.42,pass1203,35,332,10.54
U1204,2.98,pass1204,93,267,34.83
U1205,2.96,pass1205,2,7,28.57
U1206,1.87,pass1206,116,389,29.82
U1207,2.21,pass1207,1,5,20.0
U1208,3.35,pass1208,90,237,37.97
U1209,3.26,pass1209,29,91,31.87
U1210,2.66,pass1210,172,447,38.48
U1211,4.53,pass1211,28,237,11.81
U1212,3.0,pass1212,40,147,27.21
U1213,2.42,pass1213,31,131,23.66
U1214,3.93,pass1214,75,434,17.28
U1215,2.0,pass1215,169,401,42.14
U1216,2.77,pass1216,60,158,37.97
U1217,0.2,pass1217,46,50,92.0
U1218,2.6,pass1218,126,360,35.0
U1219,3.55,pass1219,22,84,26.19
U1220,2.6,pass1220,87,500,17.4
U1221,3.25,pass1221,6,148,4.05
U1222,4.11,pass1222,9,40,22.5
U1223,3.32,pass1223,64,292,21.92
U1224,2.88,pass1224,75,316,23.73
U1225,1.29,pass1225,168,242,69.42
U1226,3.47,pass1226,130,367,35.42
U1227,1.07,pass1227,346,450,76.89
U1228,2.45,pass1228,27,70,38.57
U1229,2.87,pass1229,28,142,19.72
U1230,4.66,pass1230,41,473,8.67
U1231,2.29,pass1231,112,457,24.51
U1232,4.02,pass1232,11,371,2.96
U1233,1.19,pass1233,132,268,49.25
U1234,2.3,pass1234,12,36,33.33
U1235,1.56,pass1235,58,62,93.55
U1236,0.76,pass1236,188,351,53.56
U1237,2.47,pass1237,333,475,70.11
U1238,4.32,pass1238,44,371,11.86
U1239,1.98,pass1239,36,47,76.6
U1240,3.23,pass1240,44,190,23.16
U1241,3.3,pass1241,22,85,25.88
U1242,2.15,pass1242,20,95,21.05
U1243,1.0,pass1243,171,423,40.43
U1244,3.28,pass1244,24,432,5.56
U1245,4.4,pass1245,31,324,9.57
U1246,2.15,pass1246,55,164,33.54
U1247,3.03,pass1247,89,240,37.08
U1248,2.35,pass1248,18,80,22.5
U1249,2.84,pass1249,25,77,32.47
U1250,2.85,pass1250,70,313,22.36
U1251,4.37,pass1251,24,209,11.48
U1252,3.4,pass1252,177,457,38.73
U1253,3.75,pass1253,0,10,0.0
U1254,2.34,pass1254,62,261,23.75
U1255,2.26,pass1255,136,438,31.05
U1256,3.79,pass1256,93,312,29.81
U1257,3.47,pass1257,15,429,3.5
U1258,2.25,pass1258,1,3,33.33
U1259,2.53,pass1259,5,90,5.56
U1260,4.87,pass1260,7,118,5.93
U1261,3.98,pass1261,134,351,38.18
U1262,0.23,pass1262,279,392,71.17
U1263,1.8,pass1263,125,208,60.1
U1264,3.33,pass1264,102,291,35.05
U1265,3.65,pass1265,43,147,29.25
U1266,1.02,pass1266,243,446,54.48
U1267,0.6,pass1267,2,3,66.67
U1268,3.9,pass1268,29,291,9.97
U1269,2.28,pass1269,15,43,34.88
U1270,4.93,pass1270,17,229,7.42
U1271,2.77,pass1271,149,444,33.56
U1272,2.31,pass1272,15,41,36.59
U1273,2.8,pass1273,10,45,22.22
U1274,2.21,pass1274,53,167,31.74
U1275,3.64,pass1275,59,448,13.17
U1276,3.44,pass1276,101,432,23.38
U1277,4.68,pass1277,46,287,16.03
U1278,3.6,pass1278,162,420,38.57
U1279,3.12,pass1279,1,5,20.0
U1280,2.3,pass1280,39,82,47.56
U1281,3.24,pass1281,69,284,24.3
U1282,3.77,pass1282,71,212,33.49
U1283,2.65,pass1283,64,239,26.78
U1284,3.47,pass1284,41,110,37.27
U1285,3.29,pass1285,90,302,29.8
U1286,3.41,pass1286,0,3,0.0
U1287,2.96,pass1287,99,269,36.8
U1288,4.08,pass1288,149,462,32.25
U1289,2.17,pass1289,50,136,36.76
U1290,2.95,pass1290,69,191,36.13
U1291,3.43,pass1291,136,377,36.07
U1292,2.79,pass1292,24,114,21.05
U1293,4.6,pass1293,44,389,11.31
U1294,3.25,pass1294,26,89,29.21
U1295,2.72,pass1295,47,181,25.97
U1296,4.04,pass1296,25,200,12.5
U1297,1.62,pass1297,16,26,61.54
U1298,2.88,pass1298,71,163,43.56
U1299,1.32,pass1299,295,388,76.03
U1300,4.29,pass1300,40,416,9.62
U1301,2.79,pass1301,49,209,23.44
U1302,4.33,pass1302,73,451,16.19
U1303,3.41,pass1303,150,444,33.78
U1304,4.12,pass1304,0,20,0.0
U1305,3.0,pass1305,164,330,49.7
U1306,2.54,pass1306,389,500,77.8
U1307,3.65,pass1307,5,123,4.07
U1308,2.11,pass1308,103,305,33.77
U1309,3.15,pass1309,152,413,36.8
U1310,2.67,pass1310,45,294,15.31
U1311,2.49,pass1311,55,141,39.01
U1312,3.73,pass1312,109,493,22.11
U1313,3.91,pass1313,25,78,32.05
U1314,3.02,pass1314,85,331,25.68
U1315,1.21,pass1315,76,134,56.72
U1316,3.71,pass1316,83,363,22.87
U1317,3.85,pass1317,112,299,37.46
U1318,3.16,pass1318,80,253,31.62
U1319,1.69,pass1319,139,393,35.37
U1320,3.04,pass1320,65,292,22.26
U1321,2.73,pass1321,137,406,33.74
U1322,1.24,pass1322,100,473,21.14
U1323,3.55,pass1323,146,425,34.35
U1324,2.87,pass1324,27,69,39.13
U1325,4.49,pass1325,53,381,13.91
U1326,3.33,pass1326,9,312,2.88
U1327,2.13,pass1327,206,475,43.37
U1328,2.81,pass1328,127,455,27.91
U1329,2.43,pass1329,109,455,23.96
U1330,1.44,pass1330,435,479,90.81
U1331,2.8,pass1331,200,409,48.9
U1332,3.86,pass1332,2,36,5.56
U1333,3.29,pass1333,372,476,78.15
U1334,1.51,pass1334,136,279,48.75
U1335,2.69,pass1335,69,227,30.4
U1336,2.59,pass1336,122,414,29.47
U1337,3.32,pass1337,58,272,21.32
U1338,3.17,pass1338,128,487,26.28
U1339,4.04,pass1339,117,309,37.86
U1340,2.73,pass1340,2,8,25.0
U1341,1.14,pass1341,107,168,63.69
U1342,4.35,pass1342,0,0,0.0
U1343,2.94,pass1343,16,115,13.91
U1344,4.18,pass1344,30,289,10.38
U1345,2.15,pass1345,107,320,33.44
U1346,1.63,pass1346,102,114,89.47
U1347,2.18,pass1347,42,169,24.85
U1348,3.59,pass1348,62,466,13.3
U1349,1.11,pass1349,173,353,49.01
U1350,3.25,pass1350,110,376,29.26
U1351,0.78,pass1351,68,133,51.13
U1352,1.08,pass1352,102,201,50.75
U1353,4.81,pass1353,10,110,9.09
U1354,0.75,pass1354,191,402,47.51
U1355,0.21,pass1355,31,74,41.89
U1356,2.74,pass1356,83,406,20.44
U1357,3.23,pass1357,7,246,2.85
U1358,2.62,pass1358,76,263,28.9
U1359,2.19,pass1359,48,162,29.63
U1360,3.27,pass1360,18,49,36.73
U1361,1.81,pass1361,271,307,88.27
U1362,3.19,pass1362,41,414,9.9
U1363,3.46,pass1363,42,152,27.63
U1364,4.92,pass1364,47,445,10.56
U1365,4.13,pass1365,143,486,29.42
U1366,3.2,pass1366,80,251,31.87
U1367,4.02,pass1367,0,72,0.0
U1368,3.67,pass1368,9,139,6.47
U1369,1.7,pass1369,186,410,45.37
U1370,2.65,pass1370,75,222,33.78
U1371,2.22,pass1371,116,314,36.94
U1372,1.37,pass1372,6,11,54.55
U1373,4.81,pass1373,3,244,1.23
U1374,0.53,pass1374,80,187,42.78
U1375,4.3,pass1375,36,213,16.9
U1376,1.92,pass1376,364,367,99.18
U1377,4.51,pass1377,10,95,10.53
U1378,4.35,pass1378,0,7,0.0
U1379,4.13,pass1379,113,288,39.24
U1380,1.88,pass1380,7,15,46.67
U1381,3.17,pass1381,168,420,40.0
U1382,3.3,pass1382,51,138,36.96
U1383,3.65,pass1383,2,160,1.25
U1384,2.6,pass1384,28,87,32.18
U1385,1.35,pass1385,166,389,42.67
U1386,2.9,pass1386,10,480,2.08
U1387,0.94,pass1387,245,409,59.9
U1388,4.55,pass1388,42,392,10.71
U1389,2.42,pass1389,144,476,30.25
U1390,3.02,pass1390,54,233,23.18
U1391,4.35,pass1391,128,454,28.19
U1392,3.48,pass1392,22,476,4.62
U1393,3.99,pass1393,60,301,19.93
U1394,3.08,pass1394,29,128,22.66
U1395,3.02,pass1395,119,149,79.87
U1396,2.24,pass1396,103,333,30.93
U1397,2.7,pass1397,13,118,11.02
U1398,1.99,pass1398,103,437,23.57
U1399,2.74,pass1399,92,319,28.84
U1400,3.4,pass1400,123,317,38.8
U1401,2.94,pass1401,119,316,37.66
U1402,2.33,pass1402,74,227,32.6
U1403,3.92,pass1403,67,171,39.18
U1404,4.25,pass1404,49,341,14.37
U1405,3.49,pass1405,74,325,22.77
U1406,0.44,pass1406,286,379,75.46
U1407,2.04,pass1407,166,254,65.35
U1408,3.12,pass1408,14,121,11.57
U1409,4.08,pass1409,75,453,16.56
U1410,1.73,pass1410,162,340,47.65
U1411,0.84,pass1411,191,379,50.4
U1412,3.32,pass1412,76,211,36.02
U1413,0.43,pass1413,224,225,99.56
U1414,4.21,pass1414,41,429,9.56
U1415,3.58,pass1415,131,484,27.07
U1416,4.77,pass1416,25,105,23.81
U1417,3.83,pass1417,71,397,17.88
U1418,1.08,pass1418,48,103,46.6
U1419,1.52,pass1419,157,347,45.24
U1420,4.81,pass1420,21,149,14.09
U1421,2.13,pass1421,77,250,30.8
U1422,3.41,pass1422,103,274,37.59
U1423,2.95,pass1423,84,222,37.84
U1424,3.55,pass1424,44,138,31.88
U1425,4.65,pass1425,6,317,1.89
U1426,3.58,pass1426,12,266,4.51
U1427,3.42,pass1427,41,174,23.56
U1428,4.29,pass1428,107,466,22.96
U1429,3.07,pass1429,56,144,38.89
U1430,2.86,pass1430,19,93,20.43
U1431,4.91,pass1431,36,146,24.66
U1432,2.64,pass1432,10,42,23.81
U1433,2.95,pass1433,89,484,18.39
U1434,2.84,pass1434,49,125,39.2
U1435,3.24,pass1435,75,439,17.08
U1436,2.83,pass1436,35,138,25.36
U1437,3.4,pass1437,24,100,24.0
U1438,3.28,pass1438,45,174,25.86
U1439,4.14,pass1439,32,378,8.47
U1440,3.53,pass1440,94,431,21.81
U1441,1.45,pass1441,15,18,83.33
U1442,4.89,pass1442,9,50,18.0
U1443,3.31,pass1443,161,436,36.93
U1444,2.6,pass1444,141,428,32.94
U1445,3.4,pass1445,51,133,38.35
U1446,4.06,pass1446,7,236,2.97
U1447,2.52,pass1447,2,30,6.67
U1448,2.68,pass1448,44,124,35.48
U1449,4.18,pass1449,26,140,18.57
U1450,3.71,pass1450,36,344,10.47
U1451,0.92,pass1451,199,307,64.82
U1452,1.69,pass1452,98,158,62.03
U1453,1.1,pass1453,254,307,82.74
U1454,4.71,pass1454,1,306,0.33
U1455,2.19,pass1455,112,295,37.97
U1456,2.26,pass1456,22,67,32.84
U1457,3.45,pass1457,61,239,25.52
U1458,3.96,pass1458,10,118,8.47
U1459,3.88,pass1459,4,17,23.53
U1460,4.01,pass1460,7,241,2.9
U1461,4.49,pass1461,75,428,17.52
U1462,3.05,pass1462,3,74,4.05
U1463,3.34,pass1463,75,210,35.71
U1464,2.66,pass1464,68,386,17.62
U1465,2.92,pass1465,41,123,33.33
U1466,1.38,pass1466,312,430,72.56
U1467,4.86,pass1467,21,241,8.71
U1468,1.47,pass1468,346,352,98.3
U1469,1.09,pass1469,411,480,85.62
U1470,2.7,pass1470,159,489,32.52
U1471,3.32,pass1471,0,83,0.0
U1472,3.73,pass1472,50,194,25.77
U1473,3.39,pass1473,5,45,11.11
U1474,4.4,pass1474,0,448,0.0
U1475,2.98,pass1475,18,52,34.62
U1476,1.74,pass1476,12,22,54.55
U1477,2.55,pass1477,95,399,23.81
U1478,1.46,pass1478,184,268,68.66
U1479,3.64,pass1479,10,72,13.89
U1480,4.22,pass1480,40,118,33.9
U1481,3.44,pass1481,79,353,22.38
U1482,3.29,pass1482,37,263,14.07
U1483,3.14,pass1483,119,406,29.31
U1484,1.41,pass1484,4,7,57.14
U1485,3.34,pass1485,0,0,0.0
U1486,4.08,pass1486,7,105,6.67
U1487,3.78,pass1487,33,129,25.58
U1488,1.54,pass1488,269,274,98.18
U1489,4.01,pass1489,128,471,27.18
U1490,3.15,pass1490,74,200,37.0
U1491,0.3,pass1491,52,108,48.15
U1492,2.17,pass1492,0,1,0.0
U1493,2.97,pass1493,77,214,35.98
U1494,0.88,pass1494,117,262,44.66
U1495,1.77,pass1495,51,78,65.38
U1496,0.48,pass1496,459,486,94.44
U1497,3.71,pass1497,3,17,17.65
U1498,2.26,pass1498,19,86,22.09
U1499,3.74,pass1499,24,97,24.74
U1500,3.27,pass1500,101,305,33.11
U1501,2.74,pass1501,180,462,38.96
U1502,2.63,pass1502,25,186,13.44
U1503,1.74,pass1503,81,358,22.63
U1504,3.6,pass1504,4,13,30.77
U1505,2.91,pass1505,19,54,35.19
U1506,3.06,pass1506,176,202,87.13
U1507,3.93,pass1507,41,197,20.81
U1508,3.1,pass1508,3,15,20.0
U1509,1.77,pass1509,142,321,44.24
U1510,2.79,pass1510,183,487,37.58
U1511,2.56,pass1511,133,364,36.54
U1512,2.55,pass1512,191,313,61.02
U1513,2.55,pass1513,137,366,37.43
U1514,1.66,pass1514,43,92,46.74
U1515,3.48,pass1515,86,421,20.43
U1516,3.78,pass1516,1,15,6.67
U1517,2.4,pass1517,49,143,34.27
U1518,2.76,pass1518,101,303,33.33
U1519,1.03,pass1519,57,104,54.81
U1520,4.57,pass1520,57,492,11.59
U1521,4.22,pass1521,4,38,10.53
U1522,4.13,pass1522,57,311,18.33
U1523,3.83,pass1523,9,116,7.76
U1524,3.44,pass1524,124,420,29.52
U1525,2.4,pass1525,154,163,94.48
U1526,3.93,pass1526,44,435,10.11
U1527,2.71,pass1527,142,349,40.69
U1528,4.28,pass1528,15,478,3.14
U1529,2.82,pass1529,11,34,32.35
U1530,3.6,pass1530,53,176,30.11
U1531,3.53,pass1531,29,102,28.43
U1532,1.74,pass1532,277,427,64.87
U1533,2.55,pass1533,57,498,11.45
U1534,1.44,pass1534,135,327,41.28
U1535,2.19,pass1535,153,240,63.75
U1536,4.14,pass1536,61,391,15.6
U1537,2.9,pass1537,145,461,31.45
U1538,1.26,pass1538,40,101,39.6
U1539,0.26,pass1539,255,495,51.52
U1540,2.68,pass1540,86,428,20.09
U1541,3.33,pass1541,79,235,33.62
U1542,3.64,pass1542,89,331,26.89
U1543,1.36,pass1543,412,450,91.56
U1544,3.18,pass1544,33,449,7.35
U1545,2.16,pass1545,75,294,25.51
U1546,4.5,pass1546,121,473,25.58
U1547,2.94,pass1547,47,123,38.21
U1548,1.98,pass1548,79,92,85.87
U1549,4.97,pass1549,125,461,27.11
U1550,4.11,pass1550,10,83,12.05
U1551,2.75,pass1551,161,447,36.02
U1552,2.85,pass1552,32,92,34.78
U1553,2.83,pass1553,83,344,24.13
U1554,2.88,pass1554,107,358,29.89
U1555,0.83,pass1555,119,275,43.27
U1556,2.64,pass1556,66,186,35.48
U1557,3.29,pass1557,106,411,25.79
U1558,2.61,pass1558,74,173,42.77
U1559,1.43,pass1559,252,415,60.72
U1560,4.74,pass1560,1,58,1.72
U1561,2.85,pass1561,47,213,22.07
U1562,3.25,pass1562,84,216,38.89
U1563,3.3,pass1563,145,496,29.23
U1564,3.21,pass1564,116,401,28.93
U1565,3.51,pass1565,57,155,36.77
U1566,1.67,pass1566,171,484,35.33
U1567,4.3,pass1567,7,350,2.0
U1568,3.19,pass1568,2,8,25.0
U1569,2.91,pass1569,0,44,0.0
U1570,3.24,pass1570,11,29,37.93
U1571,1.71,pass1571,176,248,70.97
U1572,4.56,pass1572,32,488,6.56
U1573,3.25,pass1573,30,103,29.13
U1574,2.19,pass1574,374,495,75.56
U1575,3.45,pass1575,29,220,13.18
U1576,2.28,pass1576,99,224,44.2
U1577,2.8,pass1577,169,485,34.85
U1578,2.72,pass1578,92,314,29.3
U1579,3.5,pass1579,5,21,23.81
U1580,2.59,pass1580,18,75,24.0
U1581,2.67,pass1581,70,295,23.73
U1582,2.5,pass1582,112,332,33.73
U1583,1.1,pass1583,85,200,42.5
U1584,0.87,pass1584,288,358,80.45
U1585,2.18,pass1585,33,164,20.12
U1586,2.72,pass1586,193,214,90.19
U1587,2.83,pass1587,127,498,25.5
U1588,2.6,pass1588,7,37,18.92
U1589,2.77,pass1589,10,33,30.3
U1590,1.0,pass1590,337,419,80.43
U1591,3.55,pass1591,86,300,28.67
U1592,3.11,pass1592,90,370,24.32
U1593,2.8,pass1593,48,186,25.81
U1594,0.14,pass1594,128,132,96.97
U1595,0.73,pass1595,468,497,94.16
U1596,2.07,pass1596,33,103,32.04
U1597,3.74,pass1597,8,342,2.34
U1598,0.4,pass1598,49,70,70.0
U1599,3.85,pass1599,106,423,25.06
U1600,2.3,pass1600,130,369,35.23
U1601,2.66,pass1601,92,267,34.46
U1602,1.81,pass1602,286,487,58.73
U1603,4.36,pass1603,29,94,30.85
U1604,2.99,pass1604,135,453,29.8
U1605,3.4,pass1605,61,329,18.54
U1606,3.09,pass1606,50,166,30.12
U1607,4.18,pass1607,21,123,17.07
U1608,1.11,pass1608,409,461,88.72
U1609,3.2,pass1609,47,184,25.54
U1610,3.55,pass1610,39,153,25.49
U1611,4.93,pass1611,23,203,11.33
U1612,4.04,pass1612,64,268,23.88
U1613,2.09,pass1613,147,455,32.31
U1614,1.61,pass1614,243,378,64.29
U1615,3.16,pass1615,3,18,16.67
U1616,3.37,pass1616,17,60,28.33
U1617,1.98,pass1617,120,287,41.81
U1618,2.07,pass1618,3,9,33.33
U1619,2.43,pass1619,225,482,46.68
U1620,4.37,pass1620,0,138,0.0
U1621,3.42,pass1621,81,447,18.12
U1622,1.14,pass1622,271,452,59.96
U1623,3.29,pass1623,13,123,10.57
U1624,3.33,pass1624,152,360,42.22
U1625,3.27,pass1625,126,476,26.47
U1626,3.0,pass1626,47,163,28.83
U1627,2.78,pass1627,159,472,33.69
U1628,3.96,pass1628,0,5,0.0
U1629,2.52,pass1629,298,394,75.63
U1630,3.3,pass1630,6,152,3.95
U1631,3.7,pass1631,10,84,11.9
U1632,1.1,pass1632,402,433,92.84
U1633,3.01,pass1633,170,461,36.88
U1634,2.17,pass1634,48,144,33.33
U1635,3.15,pass1635,4,17,23.53
U1636,3.26,pass1636,19,71,26.76
U1637,3.17,pass1637,10,49,20.41
U1638,3.75,pass1638,15,50,30.0
U1639,3.42,pass1639,23,218,10.55
U1640,3.22,pass1640,13,44,29.55
U1641,0.22,pass1641,242,252,96.03
U1642,3.62,pass1642,1,19,5.26
U1643,3.33,pass1643,144,380,37.89
U1644,1.01,pass1644,56,110,50.91
U1645,2.43,pass1645,37,146,25.34
U1646,3.34,pass1646,37,102,36.27
U1647,0.84,pass1647,99,211,46.92
U1648,1.99,pass1648,23,95,24.21
U1649,2.08,pass1649,32,34,94.12
U1650,3.73,pass1650,18,102,17.65
U1651,3.02,pass1651,44,478,9.21
U1652,4.12,pass1652,17,64,26.56
U1653,2.67,pass1653,5,15,33.33
U1654,4.99,pass1654,0,10,0.0
U1655,2.18,pass1655,86,252,34.13
U1656,3.19,pass1656,57,306,18.63
U1657,2.93,pass1657,53,200,26.5
U1658,3.21,pass1658,16,102,15.69
U1659,2.79,pass1659,72,270,26.67
U1660,2.83,pass1660,29,96,30.21
U1661,3.16,pass1661,2,426,0.47
U1662,1.57,pass1662,90,166,54.22
U1663,2.22,pass1663,34,153,22.22
U1664,3.09,pass1664,78,324,24.07
U1665,3.42,pass1665,71,224,31.7
U1666,4.84,pass1666,11,81,13.58
U1667,4.61,pass1667,30,276,10.87
U1668,3.96,pass1668,7,155,4.52
U1669,3.67,pass1669,23,129,17.83
U1670,1.99,pass1670,25,116,21.55
U1671,1.69,pass1671,44,87,50.57
U1672,2.15,pass1672,35,156,22.44
U1673,3.71,pass1673,77,467,16.49
U1674,2.81,pass1674,2,13,15.38
U1675,3.38,pass1675,22,71,30.99
U1676,2.11,pass1676,29,98,29.59
U1677,3.2,pass1677,110,415,26.51
U1678,1.98,pass1678,300,496,60.48
U1679,2.57,pass1679,4,20,20.0
U1680,1.78,pass1680,88,381,23.1
U1681,1.67,pass1681,94,135,69.63
U1682,3.89,pass1682,90,489,18.4
U1683,1.88,pass1683,36,70,51.43
U1684,2.03,pass1684,154,285,54.04
U1685,3.48,pass1685,36,131,27.48
U1686,0.98,pass1686,133,205,64.88
U1687,4.08,pass1687,3,335,0.9
U1688,3.44,pass1688,92,240,38.33
U1689,3.52,pass1689,44,461,9.54
U1690,4.0,pass1690,89,224,39.73
U1691,2.18,pass1691,174,489,35.58
U1692,1.34,pass1692,86,87,98.85
U1693,3.78,pass1693,49,203,24.14
U1694,4.26,pass1694,47,275,17.09
U1695,3.97,pass1695,78,305,25.57
U1696,3.69,pass1696,0,347,0.0
U1697,3.2,pass1697,1,196,0.51
U1698,3.03,pass1698,48,457,10.5
U1699,2.98,pass1699,65,346,18.79
U1700,3.07,pass1700,34,90,37.78
U1701,4.51,pass1701,37,178,20.79
U1702,2.83,pass1702,23,114,20.18
U1703,1.85,pass1703,13,23,56.52
U1704,3.08,pass1704,60,158,37.97
U1705,3.53,pass1705,60,244,24.59
U1706,3.43,pass1706,7,68,10.29
U1707,2.02,pass1707,29,115,25.22
U1708,3.56,pass1708,27,71,38.03
U1709,3.3,pass1709,95,470,20.21
U1710,3.38,pass1710,146,451,32.37
U1711,2.69,pass1711,7,32,21.88
U1712,4.17,pass1712,30,243,12.35
U1713,2.5,pass1713,148,468,31.62
U1714,2.09,pass1714,278,486,57.2
U1715,2.54,pass1715,110,401,27.43
U1716,2.55,pass1716,14,58,24.14
U1717,2.65,pass1717,78,85,91.76
U1718,1.67,pass1718,331,393,84.22
U1719,4.26,pass1719,83,268,30.97
U1720,1.02,pass1720,182,307,59.28
U1721,2.93,pass1721,79,212,37.26
U1722,3.92,pass1722,1,279,0.36
U1723,4.43,pass1723,24,119,20.17
U1724,2.29,pass1724,35,173,20.23
U1725,2.85,pass1725,67,292,22.95
U1726,2.9,pass1726,2,7,28.57
U1727,3.74,pass1727,61,309,19.74
U1728,1.48,pass1728,318,345,92.17
U1729,3.33,pass1729,3,10,30.0
U1730,1.94,pass1730,171,494,34.62
U1731,0.56,pass1731,489,496,98.59
U1732,3.62,pass1732,7,263,2.66
U1733,2.16,pass1733,244,315,77.46
U1734,2.96,pass1734,44,167,26.35
U1735,4.55,pass1735,16,389,4.11
U1736,2.95,pass1736,152,444,34.23
U1737,3.56,pass1737,100,263,38.02
U1738,3.88,pass1738,113,356,31.74
U1739,2.73,pass1739,73,220,33.18
U1740,0.86,pass1740,166,402,41.29
U1741,3.7,pass1741,0,4,0.0
U1742,2.88,pass1742,29,43,67.44
U1743,4.34,pass1743,18,143,12.59
U1744,1.62,pass1744,10,26,38.46
U1745,3.85,pass1745,20,181,11.05
U1746,3.01,pass1746,8,24,33.33
U1747,1.72,pass1747,64,163,39.26
U1748,1.88,pass1748,216,230,93.91
U1749,3.64,pass1749,76,272,27.94
U1750,2.58,pass1750,46,212,21.7
U1751,4.0,pass1751,38,208,18.27
U1752,3.35,pass1752,218,336,64.88
U1753,2.3,pass1753,17,87,19.54
U1754,1.58,pass1754,100,220,45.45
U1755,2.35,pass1755,95,303,31.35
U1756,0.59,pass1756,309,417,74.1
U1757,3.42,pass1757,134,429,31.24
U1758,4.63,pass1758,91,461,19.74
U1759,4.86,pass1759,40,372,10.75
U1760,2.49,pass1760,106,498,21.29
U1761,3.76,pass1761,35,250,14.0
U1762,1.35,pass1762,220,446,49.33
U1763,3.32,pass1763,15,49,30.61
U1764,4.67,pass1764,6,128,4.69
U1765,3.75,pass1765,85,249,34.14
U1766,2.06,pass1766,40,67,59.7
U1767,4.29,pass1767,9,187,4.81
U1768,1.96,pass1768,133,482,27.59
U1769,3.58,pass1769,12,41,29.27
U1770,2.78,pass1770,97,308,31.49
U1771,3.38,pass1771,4,129,3.1
U1772,2.8,pass1772,39,175,22.29
U1773,2.72,pass1773,24,108,22.22
U1774,2.39,pass1774,4,136,2.94
U1775,0.25,pass1775,376,388,96.91
U1776,2.8,pass1776,149,417,35.73
U1777,3.88,pass1777,43,115,37.39
U1778,1.04,pass1778,297,437,67.96
U1779,3.29,pass1779,9,32,28.12
U1780,1.15,pass1780,188,296,63.51
U1781,4.87,pass1781,52,295,17.63
U1782,3.34,pass1782,74,269,27.51
U1783,2.2,pass1783,85,347,24.5
U1784,4.44,pass1784,0,6,0.0
U1785,3.92,pass1785,44,114,38.6
U1786,1.84,pass1786,139,401,34.66
U1787,2.56,pass1787,106,467,22.7
U1788,3.62,pass1788,101,265,38.11
U1789,2.53,pass1789,20,26,76.92
U1790,3.07,pass1790,90,373,24.13
U1791,2.42,pass1791,28,425,6.59
U1792,1.7,pass1792,39,63,61.9
U1793,3.08,pass1793,166,473,35.1
U1794,2.95,pass1794,4,21,19.05
U1795,3.08,pass1795,14,51,27.45
U1796,2.34,pass1796,20,29,68.97
U1797,4.11,pass1797,6,70,8.57
U1798,2.5,pass1798,102,314,32.48
U1799,3.39,pass1799,107,417,25.66
U1800,4.08,pass1800,160,472,33.9
U1801,3.48,pass1801,45,219,20.55
U1802,2.53,pass1802,88,427,20.61
U1803,3.44,pass1803,50,413,12.11
U1804,3.86,pass1804,64,199,32.16
U1805,3.76,pass1805,73,288,25.35
U1806,2.28,pass1806,42,110,38.18
U1807,1.02,pass1807,133,156,85.26
U1808,2.18,pass1808,41,105,39.05
U1809,1.71,pass1809,367,462,79.44
U1810,3.29,pass1810,139,499,27.86
U1811,3.28,pass1811,131,465,28.17
U1812,3.43,pass1812,116,398,29.15
U1813,1.82,pass1813,109,398,27.39
U1814,3.04,pass1814,28,407,6.88
U1815,0.93,pass1815,291,428,67.99
U1816,1.98,pass1816,90,126,71.43
U1817,3.3,pass1817,15,47,31.91
U1818,1.72,pass1818,126,341,36.95
U1819,2.23,pass1819,43,205,20.98
U1820,0.67,pass1820,8,9,88.89
U1821,3.28,pass1821,203,486,41.77
U1822,4.15,pass1822,65,174,37.36
U1823,3.06,pass1823,106,463,22.89
U1824,1.67,pass1824,298,379,78.63
U1825,4.06,pass1825,99,285,34.74
U1826,2.74,pass1826,162,448,36.16
U1827,4.79,pass1827,22,302,7.28
U1828,3.56,pass1828,223,240,92.92
U1829,1.68,pass1829,177,190,93.16
U1830,3.31,pass1830,174,461,37.74
U1831,0.98,pass1831,233,325,71.69
U1832,4.61,pass1832,7,86,8.14
U1833,2.93,pass1833,35,298,11.74
U1834,2.52,pass1834,2,14,14.29
U1835,0.49,pass1835,186,192,96.88
U1836,0.73,pass1836,295,494,59.72
U1837,2.78,pass1837,5,24,20.83
U1838,0.86,pass1838,153,319,47.96
U1839,2.71,pass1839,6,33,18.18
U1840,3.49,pass1840,47,341,13.78
U1841,2.04,pass1841,60,194,30.93
U1842,4.4,pass1842,85,470,18.09
U1843,2.58,pass1843,29,111,26.13
U1844,3.73,pass1844,129,356,36.24
U1845,3.67,pass1845,146,408,35.78
U1846,2.97,pass1846,126,386,32.64
U1847,1.99,pass1847,19,382,4.97
U1848,4.5,pass1848,42,262,16.03
U1849,4.41,pass1849,54,322,16.77
U1850,2.71,pass1850,28,118,23.73
U1851,2.92,pass1851,20,300,6.67
U1852,3.52,pass1852,7,357,1.96
U1853,1.08,pass1853,31,61,50.82
U1854,3.4,pass1854,55,294,18.71
U1855,1.86,pass1855,52,97,53.61
U1856,1.78,pass1856,84,95,88.42
U1857,2.96,pass1857,11,114,9.65
U1858,2.91,pass1858,79,217,36.41
U1859,4.16,pass1859,93,356,26.12
U1860,2.99,pass1860,44,160,27.5
U1861,3.21,pass1861,65,216,30.09
U1862,3.01,pass1862,63,182,34.62
U1863,1.74,pass1863,0,0,0.0
U1864,2.47,pass1864,4,249,1.61
U1865,2.39,pass1865,74,301,24.58
U1866,2.89,pass1866,57,83,68.67
U1867,4.95,pass1867,3,121,2.48
U1868,3.65,pass1868,49,305,16.07
U1869,3.08,pass1869,95,432,21.99
U1870,2.1,pass1870,69,147,46.94
U1871,2.29,pass1871,17,72,23.61
U1872,3.03,pass1872,81,444,18.24
U1873,3.72,pass1873,126,320,39.38
U1874,3.45,pass1874,100,358,27.93
U1875,2.85,pass1875,57,166,34.34
U1876,3.11,pass1876,18,320,5.62
U1877,2.56,pass1877,186,375,49.6
U1878,1.8,pass1878,12,58,20.69
U1879,3.56,pass1879,116,300,38.67
U1880,4.89,pass1880,66,358,18.44
U1881,2.16,pass1881,31,98,31.63
U1882,2.17,pass1882,131,375,34.93
U1883,3.04,pass1883,79,338,23.37
U1884,1.16,pass1884,74,119,62.18
U1885,2.98,pass1885,29,285,10.18
U1886,2.46,pass1886,86,324,26.54
U1887,3.21,pass1887,13,62,20.97
U1888,2.64,pass1888,59,98,60.2
U1889,3.3,pass1889,126,477,26.42
U1890,3.68,pass1890,97,266,36.47
U1891,3.81,pass1891,87,444,19.59
U1892,3.18,pass1892,112,423,26.48
U1893,4.33,pass1893,52,472,11.02
U1894,2.83,pass1894,73,274,26.64
U1895,0.8,pass1895,156,278,56.12
U1896,2.03,pass1896,199,320,62.19
U1897,0.66,pass1897,123,132,93.18
U1898,4.02,pass1898,0,43,0.0
U1899,4.16,pass1899,7,217,3.23
U1900,1.6,pass1900,114,303,37.62
U1901,2.08,pass1901,147,152,96.71
U1902,3.64,pass1902,25,124,20.16
U1903,4.28,pass1903,8,42,19.05
U1904,1.2,pass1904,219,407,53.81
U1905,1.99,pass1905,79,127,62.2
U1906,1.59,pass1906,223,394,56.6
U1907,3.28,pass1907,140,463,30.24
U1908,2.95,pass1908,76,352,21.59
U1909,2.52,pass1909,249,418,59.57
U1910,3.37,pass1910,165,284,58.1
U1911,3.06,pass1911,12,61,19.67
U1912,2.67,pass1912,89,350,25.43
U1913,3.22,pass1913,50,196,25.51
U1914,2.79,pass1914,30,80,37.5
U1915,3.05,pass1915,121,368,32.88
U1916,2.68,pass1916,46,355,12.96
U1917,0.9,pass1917,247,498,49.6
U1918,0.93,pass1918,45,70,64.29
U1919,2.58,pass1919,126,408,30.88
U1920,2.54,pass1920,105,375,28.0
U1921,1.22,pass1921,154,311,49.52
U1922,3.29,pass1922,27,84,32.14
U1923,1.81,pass1923,77,79,97.47
U1924,1.59,pass1924,65,98,66.33
U1925,3.83,pass1925,4,82,4.88
U1926,3.99,pass1926,2,22,9.09
U1927,3.15,pass1927,85,358,23.74
U1928,3.58,pass1928,48,150,32.0
U1929,4.51,pass1929,30,441,6.8
U1930,0.73,pass1930,222,241,92.12
U1931,2.73,pass1931,24,230,10.43
U1932,3.33,pass1932,10,35,28.57
U1933,3.01,pass1933,324,464,69.83
U1934,2.76,pass1934,62,210,29.52
U1935,2.5,pass1935,35,156,22.44
U1936,3.16,pass1936,8,432,1.85
U1937,4.08,pass1937,94,265,35.47
U1938,3.15,pass1938,380,430,88.37
U1939,1.77,pass1939,234,412,56.8
U1940,1.96,pass1940,37,155,23.87
U1941,2.9,pass1941,117,330,35.45
U1942,0.99,pass1942,59,130,45.38
U1943,2.94,pass1943,48,226,21.24
U1944,2.61,pass1944,21,74,28.38
U1945,2.3,pass1945,14,57,24.56
U1946,0.51,pass1946,30,48,62.5
U1947,3.17,pass1947,98,362,27.07
U1948,0.75,pass1948,349,483,72.26
U1949,0.99,pass1949,203,292,69.52
U1950,2.62,pass1950,6,19,31.58
U1951,4.21,pass1951,17,159,10.69
U1952,3.36,pass1952,72,356,20.22
U1953,2.12,pass1953,24,74,32.43
U1954,3.46,pass1954,12,196,6.12
U1955,2.71,pass1955,97,351,27.64
U1956,3.25,pass1956,149,498,29.92
U1957,2.67,pass1957,79,331,23.87
U1958,4.32,pass1958,25,435,5.75
U1959,3.29,pass1959,71,371,19.14
U1960,4.87,pass1960,73,350,20.86
U1961,3.55,pass1961,35,424,8.25
U1962,2.13,pass1962,3,8,37.5
U1963,3.57,pass1963,111,470,23.62
U1964,2.91,pass1964,43,164,26.22
U1965,4.36,pass1965,24,444,5.41
U1966,4.62,pass1966,20,133,15.04
U1967,3.4,pass1967,42,151,27.81
U1968,2.3,pass1968,43,165,26.06
U1969,3.39,pass1969,59,479,12.32
U1970,1.57,pass1970,99,178,55.62
U1971,3.0,pass1971,166,434,38.25
U1972,4.42,pass1972,28,159,17.61
U1973,2.15,pass1973,7,32,21.88
U1974,2.97,pass1974,22,52,42.31
U1975,2.26,pass1975,117,322,36.34
U1976,2.78,pass1976,2,7,28.57
U1977,3.68,pass1977,48,351,13.68
U1978,2.63,pass1978,146,462,31.6
U1979,3.65,pass1979,69,307,22.48
U1980,3.25,pass1980,69,280,24.64
U1981,4.3,pass1981,7,413,1.69
U1982,3.42,pass1982,84,278,30.22
U1983,1.08,pass1983,72,143,50.35
U1984,4.81,pass1984,38,277,13.72
U1985,2.95,pass1985,24,64,37.5
U1986,1.83,pass1986,17,88,19.32
U1987,4.63,pass1987,0,196,0.0
U1988,2.37,pass1988,105,365,28.77
U1989,2.62,pass1989,13,69,18.84
U1990,1.65,pass1990,253,294,86.05
U1991,4.42,pass1991,0,164,0.0
U1992,2.41,pass1992,70,80,87.5
U1993,2.95,pass1993,149,385,38.7
U1994,2.6,pass1994,66,272,24.26
U1995,1.08,pass1995,121,169,71.6
U1996,0.23,pass1996,50,87,57.47
U1997,3.23,pass1997,104,302,34.44
U1998,0.59,pass1998,300,350,85.71
U1999,2.73,pass1999,104,270,38.52
U2000,3.27,pass2000,141,488,28.89
U2001,1.54,pass2001,265,304,87.17
U2002,2.78,pass2002,75,272,27.57
U2003,2.49,pass2003,127,407,31.2
U2004,3.36,pass2004,16,44,36.36
U2005,3.03,pass2005,118,337,35.01
U2006,3.48,pass2006,236,315,74.92
U2007,3.83,pass2007,89,289,30.8
U2008,3.51,pass2008,200,454,44.05
U2009,2.85,pass2009,80,203,39.41
U2010,3.11,pass2010,44,123,35.77
U2011,2.09,pass2011,89,305,29.18
U2012,3.49,pass2012,10,45,22.22
U2013,2.08,pass2013,36,45,80.0
U2014,2.06,pass2014,210,437,48.05
U2015,3.66,pass2015,11,30,36.67
U2016,3.78,pass2016,27,136,19.85
U2017,2.57,pass2017,68,185,36.76
U2018,2.66,pass2018,123,407,30.22
U2019,2.31,pass2019,42,174,24.14
U2020,0.73,pass2020,415,476,87.18
U2021,1.48,pass2021,253,423,59.81
U2022,3.75,pass2022,165,416,39.66
U2023,3.85,pass2023,76,244,31.15
U2024,3.24,pass2024,117,356,32.87
U2025,2.31,pass2025,103,347,29.68
U2026,3.12,pass2026,96,328,29.27
U2027,1.46,pass2027,274,456,60.09
U2028,4.1,pass2028,2,225,0.89
U2029,3.78,pass2029,116,390,29.74
U2030,3.99,pass2030,90,485,18.56
U2031,3.22,pass2031,33,83,39.76
U2032,3.55,pass2032,116,421,27.55
U2033,3.39,pass2033,41,111,36.94
U2034,2.98,pass2034,104,377,27.59
U2035,4.54,pass2035,15,103,14.56
U2036,1.78,pass2036,196,470,41.7
U2037,4.1,pass2037,12,188,6.38
U2038,4.52,pass2038,36,200,18.0
U2039,2.69,pass2039,8,34,23.53
U2040,3.92,pass2040,2,22,9.09
U2041,3.76,pass2041,0,191,0.0
U2042,3.26,pass2042,13,43,30.23
U2043,0.46,pass2043,310,394,78.68
U2044,3.62,pass2044,116,368,31.52
U2045,4.74,pass2045,17,138,12.32
U2046,2.8,pass2046,187,285,65.61
U2047,2.94,pass2047,67,425,15.76
U2048,3.12,pass2048,82,267,30.71
U2049,3.28,pass2049,73,248,29.44
U2050,1.13,pass2050,248,460,53.91
U2051,1.44,pass2051,224,417,53.72
U2052,4.68,pass2052,40,252,15.87
U2053,3.84,pass2053,127,401,31.67
U2054,1.42,pass2054,157,387,40.57
U2055,1.51,pass2055,116,154,75.32
U2056,3.84,pass2056,15,66,22.73
U2057,2.11,pass2057,155,493,31.44
U2058,2.7,pass2058,10,173,5.78
U2059,0.81,pass2059,71,119,59.66
U2060,0.61,pass2060,19,42,45.24
U2061,3.11,pass2061,86,428,20.09
U2062,2.1,pass2062,3,9,33.33
U2063,3.08,pass2063,7,42,16.67
U2064,4.09,pass2064,21,254,8.27
U2065,3.25,pass2065,9,28,32.14
U2066,3.34,pass2066,107,480,22.29
U2067,2.43,pass2067,111,459,24.18
U2068,4.03,pass2068,17,100,17.0
U2069,4.33,pass2069,46,196,23.47
U2070,2.65,pass2070,30,105,28.57
U2071,3.35,pass2071,5,286,1.75
U2072,2.37,pass2072,61,264,23.11
U2073,4.94,pass2073,31,347,8.93
U2074,4.86,pass2074,11,72,15.28
U2075,2.17,pass2075,23,111,20.72
U2076,2.94,pass2076,56,171,32.75
U2077,0.7,pass2077,46,70,65.71
U2078,2.93,pass2078,45,234,19.23
U2079,3.31,pass2079,80,269,29.74
U2080,3.5,pass2080,0,19,0.0
U2081,2.22,pass2081,275,412,66.75
U2082,4.06,pass2082,62,169,36.69
U2083,3.69,pass2083,6,20,30.0
U2084,3.95,pass2084,29,382,7.59
U2085,2.52,pass2085,49,148,33.11
U2086,2.28,pass2086,305,441,69.16
U2087,2.8,pass2087,120,441,27.21
U2088,2.47,pass2088,58,214,27.1
U2089,3.97,pass2089,21,173,12.14
U2090,4.35,pass2090,10,175,5.71
U2091,0.74,pass2091,97,145,66.9
U2092,3.13,pass2092,21,69,30.43
U2093,2.18,pass2093,278,438,63.47
U2094,2.63,pass2094,135,494,27.33
U2095,0.36,pass2095,259,344,75.29
U2096,1.21,pass2096,86,148,58.11
U2097,3.54,pass2097,32,337,9.5
U2098,0.97,pass2098,20,32,62.5
U2099,1.83,pass2099,76,307,24.76
U2100,2.87,pass2100,125,371,33.69
U2101,4.34,pass2101,13,376,3.46
U2102,3.74,pass2102,1,4,25.0
U2103,3.41,pass2103,10,225,4.44
U2104,3.48,pass2104,23,104,22.12
U2105,3.3,pass2105,4,33,12.12
U2106,3.43,pass2106,52,236,22.03
U2107,3.64,pass2107,10,156,6.41
U2108,1.25,pass2108,60,74,81.08
U2109,1.96,pass2109,107,346,30.92
U2110,2.77,pass2110,49,158,31.01
U2111,2.31,pass2111,114,477,23.9
U2112,2.13,pass2112,8,237,3.38
U2113,3.95,pass2113,29,97,29.9
U2114,2.66,pass2114,95,274,34.67
U2115,2.6,pass2115,12,40,30.0
U2116,3.44,pass2116,29,94,30.85
U2117,3.3,pass2117,150,462,32.47
U2118,2.84,pass2118,37,99,37.37
U2119,2.54,pass2119,49,155,31.61
U2120,2.92,pass2120,4,19,21.05
U2121,1.71,pass2121,18,137,13.14
U2122,0.84,pass2122,181,244,74.18
U2123,2.72,pass2123,54,137,39.42
U2124,4.8,pass2124,5,76,6.58
U2125,3.62,pass2125,1,63,1.59
U2126,1.75,pass2126,68,264,25.76
U2127,3.29,pass2127,60,230,26.09
U2128,3.07,pass2128,65,239,27.2
U2129,4.28,pass2129,48,317,15.14
U2130,3.24,pass2130,99,259,38.22
U2131,1.95,pass2131,232,422,54.98
U2132,2.54,pass2132,323,472,68.43
U2133,3.43,pass2133,14,36,38.89
U2134,3.86,pass2134,117,469,24.95
U2135,2.73,pass2135,62,89,69.66
U2136,3.61,pass2136,44,301,14.62
U2137,0.21,pass2137,127,208,61.06
U2138,1.38,pass2138,230,250,92.0
U2139,2.57,pass2139,99,465,21.29
U2140,3.73,pass2140,108,283,38.16
U2141,3.31,pass2141,56,184,30.43
U2142,1.79,pass2142,152,492,30.89
U2143,3.35,pass2143,15,50,30.0
U2144,4.21,pass2144,26,144,18.06
U2145,2.71,pass2145,104,457,22.76
U2146,4.08,pass2146,130,480,27.08
U2147,3.23,pass2147,20,83,24.1
U2148,2.88,pass2148,71,187,37.97
U2149,2.65,pass2149,154,491,31.36
U2150,2.05,pass2150,39,117,33.33
U2151,2.46,pass2151,34,107,31.78
U2152,2.87,pass2152,1,7,14.29
U2153,2.64,pass2153,222,424,52.36
U2154,2.67,pass2154,41,196,20.92
U2155,3.78,pass2155,7,117,5.98
U2156,2.48,pass2156,43,474,9.07
U2157,2.13,pass2157,144,301,47.84
U2158,3.12,pass2158,0,3,0.0
U2159,3.26,pass2159,80,237,33.76
U2160,2.86,pass2160,12,86,13.95
U2161,0.93,pass2161,67,70,95.71
U2162,2.22,pass2162,150,481,31.19
U2163,1.24,pass2163,32,39,82.05
U2164,0.88,pass2164,195,263,74.14
U2165,4.18,pass2165,40,301,13.29
U2166,4.27,pass2166,11,439,2.51
U2167,1.29,pass2167,3,9,33.33
U2168,3.97,pass2168,13,182,7.14
U2169,4.25,pass2169,180,499,36.07
U2170,3.12,pass2170,57,166,34.34
U2171,2.41,pass2171,251,337,74.48
U2172,2.86,pass2172,219,331,66.16
U2173,2.06,pass2173,122,274,44.53
U2174,2.95,pass2174,149,477,31.24
U2175,3.38,pass2175,52,422,12.32
U2176,1.71,pass2176,9,21,42.86
U2177,4.38,pass2177,30,396,7.58
U2178,4.02,pass2178,76,405,18.77
U2179,2.15,pass2179,55,69,79.71
U2180,0.4,pass2180,231,362,63.81
U2181,1.23,pass2181,25,54,46.3
U2182,3.23,pass2182,5,179,2.79
U2183,1.86,pass2183,288,400,72.0
U2184,2.69,pass2184,153,262,58.4
U2185,0.39,pass2185,143,255,56.08
U2186,4.51,pass2186,4,347,1.15
U2187,2.67,pass2187,18,74,24.32
U2188,3.67,pass2188,20,100,20.0
U2189,1.91,pass2189,222,493,45.03
U2190,3.18,pass2190,56,381,14.7
U2191,0.92,pass2191,160,205,78.05
U2192,1.82,pass2192,129,166,77.71
U2193,2.88,pass2193,14,45,31.11
U2194,4.78,pass2194,7,225,3.11
U2195,1.01,pass2195,172,230,74.78
U2196,2.73,pass2196,106,409,25.92
U2197,2.99,pass2197,49,264,18.56
U2198,3.42,pass2198,76,332,22.89
U2199,4.1,pass2199,85,213,39.91
U2200,3.2,pass2200,4,105,3.81
U2201,4.07,pass2201,56,324,17.28
U2202,2.52,pass2202,22,125,17.6
U2203,3.52,pass2203,5,72,6.94
U2204,1.69,pass2204,61,194,31.44
U2205,3.14,pass2205,118,318,37.11
U2206,3.09,pass2206,12,158,7.59
U2207,2.56,pass2207,47,154,30.52
U2208,1.4,pass2208,228,398,57.29
U2209,3.76,pass2209,5,74,6.76
U2210,2.66,pass2210,119,387,30.75
U2211,2.85,pass2211,33,87,37.93
U2212,2.64,pass2212,13,54,24.07
U2213,3.94,pass2213,16,186,8.6
U2214,2.01,pass2214,172,291,59.11
U2215,2.88,pass2215,163,439,37.13
U2216,2.35,pass2216,4,20,20.0
U2217,2.22,pass2217,44,168,26.19
U2218,4.67,pass2218,48,266,18.05
U2219,2.76,pass2219,21,63,33.33
U2220,4.72,pass2220,17,96,17.71
U2221,3.52,pass2221,137,480,28.54
U2222,2.43,pass2222,168,482,34.85
U2223,4.32,pass2223,44,179,24.58
U2224,2.44,pass2224,3,16,18.75
U2225,4.1,pass2225,33,399,8.27
U2226,3.67,pass2226,112,417,26.86
U2227,4.13,pass2227,9,36,25.0
U2228,1.22,pass2228,112,227,49.34
U2229,3.63,pass2229,167,471,35.46
U2230,4.32,pass2230,38,96,39.58
U2231,2.46,pass2231,60,265,22.64
U2232,0.32,pass2232,231,411,56.2
U2233,3.47,pass2233,16,171,9.36
U2234,2.68,pass2234,131,407,32.19
U2235,4.65,pass2235,55,410,13.41
U2236,4.88,pass2236,65,381,17.06
U2237,2.65,pass2237,103,375,27.47
U2238,2.17,pass2238,35,144,24.31
U2239,2.2,pass2239,74,373,19.84
U2240,3.66,pass2240,7,231,3.03
U2241,2.3,pass2241,82,366,22.4
U2242,2.47,pass2242,87,286,30.42
U2243,3.74,pass2243,5,15,33.33
U2244,3.3,pass2244,161,442,36.43
U2245,3.93,pass2245,42,347,12.1
U2246,2.97,pass2246,11,42,26.19
U2247,3.86,pass2247,9,367,2.45
U2248,2.74,pass2248,128,453,28.26
U2249,2.55,pass2249,78,176,44.32
U2250,2.64,pass2250,86,250,34.4
U2251,1.18,pass2251,238,372,63.98
U2252,3.31,pass2252,79,284,27.82
U2253,3.3,pass2253,61,272,22.43
U2254,2.76,pass2254,101,257,39.3
U2255,2.54,pass2255,62,241,25.73
U2256,2.8,pass2256,76,101,75.25
U2257,4.24,pass2257,15,80,18.75
U2258,4.49,pass2258,72,465,15.48
U2259,2.87,pass2259,7,28,25.0
U2260,0.73,pass2260,48,67,71.64
U2261,4.46,pass2261,2,431,0.46
U2262,3.11,pass2262,21,119,17.65
U2263,2.67,pass2263,15,58,25.86
U2264,1.3,pass2264,14,16,87.5
U2265,2.67,pass2265,88,240,36.67
U2266,2.91,pass2266,94,340,27.65
U2267,3.21,pass2267,42,194,21.65
U2268,2.35,pass2268,27,34,79.41
U2269,2.25,pass2269,106,392,27.04
U2270,2.08,pass2270,229,321,71.34
U2271,3.73,pass2271,72,319,22.57
U2272,4.16,pass2272,128,344,37.21
U2273,2.75,pass2273,0,36,0.0
U2274,3.09,pass2274,182,500,36.4
U2275,4.14,pass2275,37,229,16.16
U2276,0.79,pass2276,445,496,89.72
U2277,2.38,pass2277,79,148,53.38
U2278,3.07,pass2278,23,91,25.27
U2279,2.92,pass2279,97,389,24.94
U2280,2.27,pass2280,139,460,30.22
U2281,4.89,pass2281,3,264,1.14
U2282,3.53,pass2282,116,457,25.38
U2283,1.58,pass2283,244,379,64.38
U2284,1.7,pass2284,211,240,87.92
U2285,2.67,pass2285,93,269,34.57
U2286,4.18,pass2286,8,63,12.7
U2287,3.63,pass2287,180,462,38.96
U2288,2.75,pass2288,24,108,22.22
U2289,2.85,pass2289,62,205,30.24
U2290,2.72,pass2290,20,76,26.32
U2291,3.08,pass2291,56,246,22.76
U2292,2.11,pass2292,369,381,96.85
U2293,3.6,pass2293,334,371,90.03
U2294,3.48,pass2294,138,406,33.99
U2295,3.94,pass2295,34,237,14.35
U2296,2.41,pass2296,9,288,3.12
U2297,3.6,pass2297,18,191,9.42
U2298,3.33,pass2298,159,465,34.19
U2299,2.42,pass2299,59,294,20.07
U2300,1.93,pass2300,154,439,35.08
U2301,3.9,pass2301,60,272,22.06
U2302,2.69,pass2302,245,332,73.8
U2303,3.4,pass2303,26,93,27.96
U2304,3.08,pass2304,87,239,36.4
U2305,3.16,pass2305,6,60,10.0
U2306,2.36,pass2306,110,278,39.57
U2307,3.95,pass2307,30,497,6.04
U2308,2.64,pass2308,161,460,35.0
U2309,2.95,pass2309,65,359,18.11
U2310,2.71,pass2310,0,1,0.0
U2311,2.02,pass2311,55,338,16.27
U2312,2.62,pass2312,316,347,91.07
U2313,3.35,pass2313,43,463,9.29
U2314,1.36,pass2314,264,395,66.84
U2315,1.86,pass2315,104,467,22.27
U2316,0.53,pass2316,255,355,71.83
U2317,4.0,pass2317,88,260,33.85
U2318,1.74,pass2318,102,284,35.92
U2319,2.88,pass2319,113,293,38.57
U2320,3.49,pass2320,59,239,24.69
U2321,2.66,pass2321,30,129,23.26
U2322,2.49,pass2322,77,308,25.0
U2323,2.4,pass2323,5,17,29.41
U2324,4.53,pass2324,50,491,10.18
U2325,3.55,pass2325,137,349,39.26
U2326,3.89,pass2326,24,200,12.0
U2327,1.92,pass2327,112,147,76.19
U2328,3.72,pass2328,17,147,11.56
U2329,2.36,pass2329,265,281,94.31
U2330,1.88,pass2330,400,499,80.16
U2331,3.12,pass2331,14,283,4.95
U2332,3.57,pass2332,40,169,23.67
U2333,4.19,pass2333,10,296,3.38
U2334,3.06,pass2334,13,27,48.15
U2335,3.19,pass2335,75,200,37.5
U2336,1.58,pass2336,238,405,58.77
U2337,2.72,pass2337,121,368,32.88
U2338,4.08,pass2338,15,42,35.71
U2339,4.28,pass2339,8,347,2.31
U2340,3.54,pass2340,33,104,31.73
U2341,4.27,pass2341,5,192,2.6
U2342,3.32,pass2342,0,4,0.0
U2343,2.03,pass2343,21,27,77.78
U2344,2.14,pass2344,75,146,51.37
U2345,2.25,pass2345,118,299,39.46
U2346,2.06,pass2346,15,30,50.0
U2347,2.97,pass2347,71,211,33.65
U2348,1.89,pass2348,62,134,46.27
U2349,3.75,pass2349,63,300,21.0
U2350,3.31,pass2350,38,189,20.11
U2351,2.53,pass2351,101,449,22.49
U2352,1.47,pass2352,284,487,58.32
U2353,1.86,pass2353,43,126,34.13
U2354,4.19,pass2354,26,232,11.21
U2355,1.68,pass2355,69,268,25.75
U2356,4.67,pass2356,4,34,11.76
U2357,4.65,pass2357,31,260,11.92
U2358,1.64,pass2358,423,450,94.0
U2359,1.64,pass2359,50,70,71.43
U2360,3.69,pass2360,107,424,25.24
U2361,2.97,pass2361,23,64,35.94
U2362,1.93,pass2362,123,321,38.32
U2363,4.54,pass2363,5,93,5.38
U2364,2.89,pass2364,27,491,5.5
U2365,4.65,pass2365,40,325,12.31
U2366,1.94,pass2366,62,125,49.6
U2367,3.05,pass2367,36,125,28.8
U2368,3.24,pass2368,39,136,28.68
U2369,0.23,pass2369,185,325,56.92
U2370,3.66,pass2370,116,338,34.32
U2371,3.06,pass2371,24,102,23.53
U2372,3.77,pass2372,157,412,38.11
U2373,2.9,pass2373,76,292,26.03
U2374,2.85,pass2374,163,487,33.47
U2375,4.71,pass2375,1,115,0.87
U2376,3.28,pass2376,96,430,22.33
U2377,2.88,pass2377,37,139,26.62
U2378,1.17,pass2378,366,418,87.56
U2379,4.23,pass2379,0,6,0.0
U2380,3.49,pass2380,116,311,37.3
U2381,0.79,pass2381,276,357,77.31
U2382,2.43,pass2382,72,73,98.63
U2383,2.7,pass2383,60,170,35.29
U2384,2.56,pass2384,111,316,35.13
U2385,3.3,pass2385,63,275,22.91
U2386,3.76,pass2386,22,134,16.42
U2387,2.69,pass2387,13,43,30.23
U2388,4.35,pass2388,10,92,10.87
U2389,1.13,pass2389,74,100,74.0
U2390,4.82,pass2390,17,323,5.26
U2391,4.81,pass2391,47,336,13.99
U2392,4.68,pass2392,2,18,11.11
U2393,2.39,pass2393,15,78,19.23
U2394,0.99,pass2394,264,340,77.65
U2395,3.08,pass2395,72,307,23.45
U2396,0.16,pass2396,49,72,68.06
U2397,3.83,pass2397,20,380,5.26
U2398,3.9,pass2398,180,469,38.38
U2399,3.85,pass2399,45,148,30.41
U2400,2.81,pass2400,71,199,35.68
U2401,3.46,pass2401,50,242,20.66
U2402,0.53,pass2402,114,262,43.51
U2403,2.52,pass2403,107,194,55.15
U2404,0.34,pass2404,214,238,89.92
U2405,2.59,pass2405,84,327,25.69
U2406,2.09,pass2406,156,287,54.36
U2407,3.57,pass2407,292,465,62.8
U2408,3.23,pass2408,204,426,47.89
U2409,2.78,pass2409,158,345,45.8
U2410,3.05,pass2410,105,359,29.25
U2411,0.95,pass2411,57,76,75.0
U2412,4.93,pass2412,16,116,13.79
U2413,2.16,pass2413,74,148,50.0
U2414,2.49,pass2414,71,248,28.63
U2415,3.19,pass2415,90,378,23.81
U2416,2.76,pass2416,51,258,19.77
U2417,2.56,pass2417,21,480,4.38
U2418,3.46,pass2418,17,54,31.48
U2419,2.47,pass2419,17,188,9.04
U2420,0.27,pass2420,183,285,64.21
U2421,2.0,pass2421,53,268,19.78
U2422,2.53,pass2422,117,299,39.13
U2423,2.83,pass2423,69,290,23.79
U2424,3.15,pass2424,9,118,7.63
U2425,1.61,pass2425,43,53,81.13
U2426,4.67,pass2426,14,76,18.42
U2427,3.39,pass2427,6,18,33.33
U2428,3.43,pass2428,70,207,33.82
U2429,2.86,pass2429,87,315,27.62
U2430,1.45,pass2430,360,372,96.77
U2431,3.75,pass2431,93,350,26.57
U2432,2.41,pass2432,30,83,36.14
U2433,3.47,pass2433,10,76,13.16
U2434,4.28,pass2434,9,147,6.12
U2435,3.82,pass2435,23,65,35.38
U2436,4.19,pass2436,10,114,8.77
U2437,3.36,pass2437,35,347,10.09
U2438,2.54,pass2438,117,364,32.14
U2439,4.42,pass2439,1,13,7.69
U2440,2.89,pass2440,23,96,23.96
U2441,3.43,pass2441,19,220,8.64
U2442,4.26,pass2442,5,157,3.18
U2443,2.38,pass2443,71,234,30.34
U2444,4.41,pass2444,79,405,19.51
U2445,2.71,pass2445,115,203,56.65
U2446,3.52,pass2446,79,200,39.5
U2447,3.84,pass2447,0,40,0.0
U2448,3.76,pass2448,43,220,19.55
U2449,3.64,pass2449,17,430,3.95
U2450,2.85,pass2450,96,449,21.38
U2451,3.96,pass2451,47,439,10.71
U2452,0.95,pass2452,232,324,71.6
U2453,2.68,pass2453,4,19,21.05
U2454,3.21,pass2454,72,265,27.17
U2455,0.97,pass2455,319,446,71.52
U2456,4.09,pass2456,62,288,21.53
U2457,2.15,pass2457,54,161,33.54
U2458,3.76,pass2458,24,177,13.56
U2459,2.42,pass2459,1,8,12.5
U2460,3.01,pass2460,164,453,36.2
U2461,2.22,pass2461,229,430,53.26
U2462,2.86,pass2462,113,348,32.47
U2463,1.82,pass2463,196,371,52.83
U2464,3.05,pass2464,11,177,6.21
U2465,3.92,pass2465,26,171,15.2
U2466,2.76,pass2466,17,307,5.54
U2467,1.78,pass2467,46,147,31.29
U2468,2.39,pass2468,101,391,25.83
U2469,2.91,pass2469,78,245,31.84
U2470,3.84,pass2470,27,169,15.98
U2471,3.88,pass2471,22,264,8.33
U2472,4.28,pass2472,20,108,18.52
U2473,4.84,pass2473,7,216,3.24
U2474,2.09,pass2474,333,400,83.25
U2475,3.95,pass2475,56,213,26.29
U2476,0.87,pass2476,18,44,40.91
U2477,3.83,pass2477,27,158,17.09
U2478,1.85,pass2478,4,58,6.9
U2479,3.98,pass2479,42,239,17.57
U2480,3.54,pass2480,88,415,21.2
U2481,1.61,pass2481,328,330,99.39
U2482,3.62,pass2482,16,276,5.8
U2483,3.68,pass2483,67,243,27.57
U2484,2.63,pass2484,75,196,38.27
U2485,3.03,pass2485,111,286,38.81
U2486,3.2,pass2486,69,177,38.98
U2487,1.93,pass2487,208,267,77.9
U2488,0.69,pass2488,157,300,52.33
U2489,3.42,pass2489,125,391,31.97
U2490,3.65,pass2490,102,356,28.65
U2491,3.33,pass2491,47,371,12.67
U2492,1.88,pass2492,223,279,79.93
U2493,4.66,pass2493,8,257,3.11
U2494,3.93,pass2494,9,347,2.59
U2495,4.66,pass2495,38,445,8.54
U2496,2.01,pass2496,127,251,50.6
U2497,3.36,pass2497,40,135,29.63
U2498,3.42,pass2498,80,393,20.36
U2499,2.22,pass2499,5,21,23.81
U2500,3.66,pass2500,3,121,2.48
U2501,3.96,pass2501,19,298,6.38
U2502,3.44,pass2502,75,295,25.42
U2503,4.25,pass2503,144,491,29.33
U2504,2.87,pass2504,37,166,22.29
U2505,4.01,pass2505,44,159,27.67
U2506,4.37,pass2506,19,320,5.94
U2507,2.63,pass2507,66,231,28.57
U2508,2.39,pass2508,24,65,36.92
U2509,3.15,pass2509,44,186,23.66
U2510,2.39,pass2510,34,88,38.64
U2511,1.74,pass2511,213,428,49.77
U2512,2.16,pass2512,50,52,96.15
U2513,3.45,pass2513,62,203,30.54
U2514,3.78,pass2514,3,287,1.05
U2515,0.69,pass2515,34,77,44.16
U2516,4.35,pass2516,78,327,23.85
U2517,2.59,pass2517,139,375,37.07
U2518,3.52,pass2518,61,232,26.29
U2519,1.98,pass2519,3,84,3.57
U2520,3.35,pass2520,61,273,22.34
U2521,1.97,pass2521,405,422,95.97
U2522,1.06,pass2522,27,42,64.29
U2523,3.88,pass2523,144,429,33.57
U2524,3.64,pass2524,4,52,7.69
U2525,3.14,pass2525,162,428,37.85
U2526,4.4,pass2526,2,111,1.8
U2527,4.81,pass2527,5,50,10.0
U2528,2.07,pass2528,66,111,59.46
U2529,4.2,pass2529,35,88,39.77
U2530,3.72,pass2530,15,96,15.62
U2531,1.79,pass2531,297,379,78.36
U2532,1.71,pass2532,151,368,41.03
U2533,2.29,pass2533,285,311,91.64
U2534,3.15,pass2534,153,494,30.97
U2535,3.48,pass2535,146,386,37.82
U2536,4.29,pass2536,5,39,12.82
U2537,3.46,pass2537,6,39,15.38
U2538,2.14,pass2538,159,313,50.8
U2539,1.27,pass2539,469,474,98.95
U2540,2.68,pass2540,27,101,26.73
U2541,3.32,pass2541,138,401,34.41
U2542,1.09,pass2542,134,149,89.93
U2543,3.24,pass2543,382,408,93.63
U2544,2.9,pass2544,34,258,13.18
U2545,4.83,pass2545,1,19,5.26
U2546,4.05,pass2546,0,15,0.0
U2547,2.72,pass2547,58,98,59.18
U2548,0.88,pass2548,25,50,50.0
U2549,3.13,pass2549,29,86,33.72
U2550,2.92,pass2550,80,392,20.41
U2551,3.19,pass2551,39,271,14.39
U2552,3.17,pass2552,144,371,38.81
U2553,2.31,pass2553,94,252,37.3
U2554,4.38,pass2554,27,84,32.14
U2555,3.17,pass2555,33,188,17.55
U2556,2.48,pass2556,60,163,36.81
U2557,3.68,pass2557,16,52,30.77
U2558,1.64,pass2558,202,315,64.13
U2559,2.89,pass2559,4,18,22.22
U2560,4.33,pass2560,2,328,0.61
U2561,1.68,pass2561,0,1,0.0
U2562,1.2,pass2562,2,3,66.67
U2563,2.35,pass2563,104,427,24.36
U2564,3.99,pass2564,2,158,1.27
U2565,4.96,pass2565,6,112,5.36
U2566,2.09,pass2566,142,474,29.96
U2567,2.11,pass2567,234,448,52.23
U2568,4.31,pass2568,56,218,25.69
U2569,4.7,pass2569,59,350,16.86
U2570,3.15,pass2570,14,53,26.42
U2571,3.7,pass2571,79,381,20.73
U2572,4.45,pass2572,23,281,8.19
U2573,2.85,pass2573,44,131,33.59
U2574,3.43,pass2574,50,128,39.06
U2575,3.48,pass2575,21,59,35.59
U2576,4.58,pass2576,23,128,17.97
U2577,1.19,pass2577,275,353,77.9
U2578,4.46,pass2578,6,178,3.37
U2579,1.32,pass2579,101,114,88.6
U2580,3.47,pass2580,21,228,9.21
U2581,3.22,pass2581,10,44,22.73
U2582,3.17,pass2582,163,478,34.1
U2583,0.33,pass2583,91,103,88.35
U2584,1.14,pass2584,55,93,59.14
U2585,4.86,pass2585,2,18,11.11
U2586,2.8,pass2586,66,265,24.91
U2587,2.03,pass2587,91,450,20.22
U2588,1.93,pass2588,184,461,39.91
U2589,3.62,pass2589,94,351,26.78
U2590,2.71,pass2590,43,128,33.59
U2591,3.55,pass2591,83,320,25.94
U2592,3.67,pass2592,0,24,0.0
U2593,0.45,pass2593,172,300,57.33
U2594,3.22,pass2594,64,238,26.89
U2595,2.57,pass2595,178,301,59.14
U2596,2.12,pass2596,43,80,53.75
U2597,3.07,pass2597,25,420,5.95
U2598,4.57,pass2598,12,459,2.61
U2599,4.2,pass2599,25,67,37.31
U2600,1.44,pass2600,139,148,93.92
U2601,2.56,pass2601,10,17,58.82
U2602,3.15,pass2602,65,209,31.1
U2603,3.47,pass2603,63,289,21.8
U2604,3.62,pass2604,0,34,0.0
U2605,2.95,pass2605,89,349,25.5
U2606,2.29,pass2606,16,42,38.1
U2607,2.26,pass2607,25,47,53.19
U2608,2.16,pass2608,378,392,96.43
U2609,1.35,pass2609,338,458,73.8
U2610,4.12,pass2610,2,10,20.0
U2611,1.74,pass2611,209,369,56.64
U2612,3.04,pass2612,11,38,28.95
U2613,3.14,pass2613,122,449,27.17
U2614,2.17,pass2614,77,239,32.22
U2615,4.21,pass2615,14,323,4.33
U2616,0.38,pass2616,14,17,82.35
U2617,0.87,pass2617,318,479,66.39
U2618,4.46,pass2618,35,381,9.19
U2619,3.51,pass2619,100,327,30.58
U2620,2.52,pass2620,106,439,24.15
U2621,3.46,pass2621,2,17,11.76
U2622,3.02,pass2622,30,89,33.71
U2623,3.03,pass2623,106,489,21.68
U2624,1.79,pass2624,167,329,50.76
U2625,3.87,pass2625,90,464,19.4
U2626,3.67,pass2626,81,233,34.76
U2627,3.23,pass2627,49,305,16.07
U2628,3.26,pass2628,88,402,21.89
U2629,2.04,pass2629,2,3,66.67
U2630,2.22,pass2630,83,304,27.3
U2631,1.68,pass2631,301,454,66.3
U2632,2.88,pass2632,102,405,25.19
U2633,2.04,pass2633,30,100,30.0
U2634,3.63,pass2634,167,421,39.67
U2635,2.05,pass2635,70,338,20.71
U2636,1.76,pass2636,44,182,24.18
U2637,1.62,pass2637,117,238,49.16
U2638,3.3,pass2638,3,14,21.43
U2639,3.13,pass2639,61,251,24.3
U2640,4.13,pass2640,33,416,7.93
U2641,2.59,pass2641,89,423,21.04
U2642,1.23,pass2642,84,167,50.3
U2643,3.18,pass2643,29,81,35.8
U2644,1.24,pass2644,125,304,41.12
U2645,2.71,pass2645,99,378,26.19
U2646,4.43,pass2646,1,59,1.69
U2647,1.41,pass2647,7,9,77.78
U2648,1.61,pass2648,107,173,61.85
U2649,4.18,pass2649,2,71,2.82
U2650,2.43,pass2650,45,183,24.59
U2651,0.71,pass2651,257,347,74.06
U2652,1.03,pass2652,25,62,40.32
U2653,3.93,pass2653,49,420,11.67
U2654,1.86,pass2654,301,420,71.67
U2655,1.68,pass2655,24,34,70.59
U2656,2.28,pass2656,25,75,33.33
U2657,1.07,pass2657,110,211,52.13
U2658,2.79,pass2658,142,390,36.41
U2659,1.74,pass2659,6,7,85.71
U2660,3.4,pass2660,93,457,20.35
U2661,0.75,pass2661,103,212,48.58
U2662,1.98,pass2662,192,303,63.37
U2663,3.14,pass2663,48,156,30.77
U2664,2.46,pass2664,88,309,28.48
U2665,3.9,pass2665,122,365,33.42
U2666,1.91,pass2666,39,57,68.42
U2667,2.16,pass2667,319,476,67.02
U2668,2.89,pass2668,157,410,38.29
U2669,3.56,pass2669,0,7,0.0
U2670,0.59,pass2670,319,465,68.6
U2671,2.15,pass2671,162,293,55.29
U2672,0.99,pass2672,53,95,55.79
U2673,3.24,pass2673,66,209,31.58
U2674,1.63,pass2674,110,144,76.39
U2675,3.45,pass2675,61,217,28.11
U2676,1.71,pass2676,321,406,79.06
U2677,3.51,pass2677,16,33,48.48
U2678,0.75,pass2678,112,146,76.71
U2679,4.73,pass2679,0,21,0.0
U2680,1.82,pass2680,9,37,24.32
U2681,3.32,pass2681,1,24,4.17
U2682,3.76,pass2682,26,302,8.61
U2683,4.6,pass2683,9,309,2.91
U2684,3.06,pass2684,4,15,26.67
U2685,3.89,pass2685,10,336,2.98
U2686,3.25,pass2686,172,475,36.21
U2687,2.99,pass2687,121,340,35.59
U2688,3.37,pass2688,145,417,34.77
U2689,3.94,pass2689,19,238,7.98
U2690,3.71,pass2690,46,326,14.11
U2691,3.78,pass2691,36,346,10.4
U2692,1.75,pass2692,109,278,39.21
U2693,3.33,pass2693,72,362,19.89
U2694,2.64,pass2694,136,459,29.63
U2695,3.33,pass2695,0,2,0.0
U2696,3.26,pass2696,101,341,29.62
U2697,2.85,pass2697,164,169,97.04
U2698,4.87,pass2698,9,61,14.75
U2699,4.57,pass2699,26,290,8.97
U2700,3.58,pass2700,58,186,31.18
U2701,0.62,pass2701,231,272,84.93
U2702,3.23,pass2702,132,337,39.17
U2703,2.87,pass2703,370,486,76.13
U2704,4.1,pass2704,53,467,11.35
U2705,3.4,pass2705,0,82,0.0
U2706,2.44,pass2706,46,129,35.66
U2707,2.58,pass2707,90,389,23.14
U2708,0.45,pass2708,287,362,79.28
U2709,3.26,pass2709,68,336,20.24
U2710,1.59,pass2710,153,227,67.4
U2711,1.17,pass2711,153,313,48.88
U2712,2.69,pass2712,27,101,26.73
U2713,4.13,pass2713,114,162,70.37
U2714,2.95,pass2714,31,119,26.05
U2715,2.06,pass2715,152,414,36.71
U2716,4.46,pass2716,18,120,15.0
U2717,1.01,pass2717,179,272,65.81
U2718,3.96,pass2718,26,120,21.67
U2719,2.77,pass2719,258,482,53.53
U2720,1.57,pass2720,22,36,61.11
U2721,2.53,pass2721,92,149,61.74
U2722,3.66,pass2722,281,420,66.9
U2723,3.47,pass2723,121,323,37.46
U2724,1.48,pass2724,148,416,35.58
U2725,1.71,pass2725,173,227,76.21
U2726,4.23,pass2726,6,137,4.38
U2727,3.37,pass2727,0,163,0.0
U2728,3.16,pass2728,114,299,38.13
U2729,0.17,pass2729,217,294,73.81
U2730,2.13,pass2730,36,120,30.0
U2731,1.6,pass2731,152,178,85.39
U2732,2.99,pass2732,12,44,27.27
U2733,3.13,pass2733,49,240,20.42
U2734,1.44,pass2734,178,215,82.79
U2735,2.17,pass2735,311,444,70.05
U2736,4.67,pass2736,1,9,11.11
U2737,0.92,pass2737,106,168,63.1
U2738,0.9,pass2738,84,129,65.12
U2739,2.71,pass2739,147,484,30.37
U2740,3.46,pass2740,211,267,79.03
U2741,4.44,pass2741,38,341,11.14
U2742,3.06,pass2742,88,273,32.23
U2743,3.09,pass2743,0,2,0.0
U2744,4.56,pass2744,53,468,11.32
U2745,1.58,pass2745,32,61,52.46
U2746,3.31,pass2746,144,415,34.7
U2747,2.53,pass2747,8,22,36.36
U2748,3.47,pass2748,32,446,7.17
U2749,3.04,pass2749,1,5,20.0
U2750,3.71,pass2750,65,225,28.89
U2751,3.43,pass2751,9,239,3.77
U2752,2.34,pass2752,105,331,31.72
U2753,2.8,pass2753,59,197,29.95
U2754,3.78,pass2754,127,352,36.08
U2755,2.17,pass2755,47,159,29.56
U2756,1.87,pass2756,156,416,37.5
U2757,0.77,pass2757,149,158,94.3
U2758,2.16,pass2758,104,450,23.11
U2759,2.42,pass2759,83,250,33.2
U2760,2.49,pass2760,84,338,24.85
U2761,3.07,pass2761,13,312,4.17
U2762,1.07,pass2762,351,453,77.48
U2763,1.95,pass2763,87,312,27.88
U2764,2.34,pass2764,166,420,39.52
U2765,2.79,pass2765,108,389,27.76
U2766,2.72,pass2766,68,190,35.79
U2767,1.12,pass2767,297,342,86.84
U2768,3.17,pass2768,102,479,21.29
U2769,2.97,pass2769,90,374,24.06
U2770,3.13,pass2770,45,357,12.61
U2771,3.77,pass2771,123,435,28.28
U2772,2.92,pass2772,8,26,30.77
U2773,2.69,pass2773,120,407,29.48
U2774,4.36,pass2774,14,224,6.25
U2775,3.5,pass2775,137,352,38.92
U2776,2.58,pass2776,2,18,11.11
U2777,3.45,pass2777,58,154,37.66
U2778,2.73,pass2778,36,134,26.87
U2779,3.17,pass2779,4,54,7.41
U2780,2.39,pass2780,21,95,22.11
U2781,4.39,pass2781,11,162,6.79
U2782,1.97,pass2782,46,448,10.27
U2783,3.74,pass2783,66,271,24.35
U2784,3.21,pass2784,3,19,15.79
U2785,3.77,pass2785,11,416,2.64
U2786,3.33,pass2786,92,251,36.65
U2787,3.88,pass2787,56,142,39.44
U2788,1.81,pass2788,127,196,64.8
U2789,3.17,pass2789,102,283,36.04
U2790,0.86,pass2790,391,445,87.87
U2791,4.37,pass2791,4,147,2.72
U2792,3.48,pass2792,27,316,8.54
U2793,3.23,pass2793,71,479,14.82
U2794,3.34,pass2794,146,399,36.59
U2795,3.52,pass2795,95,251,37.85
U2796,3.48,pass2796,48,147,32.65
U2797,3.81,pass2797,51,330,15.45
U2798,2.78,pass2798,55,347,15.85
U2799,2.97,pass2799,36,161,22.36
U2800,3.1,pass2800,108,452,23.89
U2801,0.68,pass2801,185,238,77.73
U2802,3.55,pass2802,74,273,27.11
U2803,2.8,pass2803,132,370,35.68
U2804,2.91,pass2804,58,491,11.81
U2805,4.6,pass2805,29,434,6.68
U2806,3.64,pass2806,25,228,10.96
U2807,4.05,pass2807,14,262,5.34
U2808,2.02,pass2808,136,473,28.75
U2809,1.43,pass2809,154,195,78.97
U2810,3.9,pass2810,142,416,34.13
U2811,3.2,pass2811,148,473,31.29
U2812,3.31,pass2812,100,386,25.91
U2813,4.65,pass2813,21,167,12.57
U2814,1.87,pass2814,63,214,29.44
U2815,3.83,pass2815,10,280,3.57
U2816,3.02,pass2816,62,311,19.94
U2817,2.97,pass2817,13,58,22.41
U2818,2.57,pass2818,155,468,33.12
U2819,2.76,pass2819,93,331,28.1
U2820,0.85,pass2820,4,7,57.14
U2821,2.52,pass2821,81,229,35.37
U2822,2.35,pass2822,34,101,33.66
U2823,2.09,pass2823,300,374,80.21
U2824,1.16,pass2824,83,131,63.36
U2825,0.66,pass2825,275,368,74.73
U2826,2.83,pass2826,62,269,23.05
U2827,1.1,pass2827,341,492,69.31
U2828,3.6,pass2828,57,396,14.39
U2829,2.21,pass2829,60,286,20.98
U2830,1.57,pass2830,223,275,81.09
U2831,3.14,pass2831,29,113,25.66
U2832,3.34,pass2832,46,130,35.38
U2833,3.63,pass2833,19,53,35.85
U2834,4.06,pass2834,38,333,11.41
U2835,3.61,pass2835,141,374,37.7
U2836,1.11,pass2836,367,497,73.84
U2837,3.37,pass2837,40,149,26.85
U2838,4.29,pass2838,9,126,7.14
U2839,3.39,pass2839,17,48,35.42
U2840,2.9,pass2840,47,176,26.7
U2841,2.46,pass2841,6,20,30.0
U2842,3.26,pass2842,96,395,24.3
U2843,1.69,pass2843,159,215,73.95
U2844,2.0,pass2844,119,152,78.29
U2845,3.28,pass2845,13,62,20.97
U2846,3.06,pass2846,52,211,24.64
U2847,3.91,pass2847,52,263,19.77
U2848,3.69,pass2848,97,360,26.94
U2849,2.46,pass2849,176,466,37.77
U2850,1.82,pass2850,28,66,42.42
U2851,3.56,pass2851,40,167,23.95
U2852,2.61,pass2852,0,119,0.0
U2853,3.77,pass2853,7,30,23.33
U2854,2.7,pass2854,4,22,18.18
U2855,1.23,pass2855,180,371,48.52
U2856,3.5,pass2856,86,438,19.63
U2857,1.61,pass2857,77,164,46.95
U2858,2.93,pass2858,149,476,31.3
U2859,3.74,pass2859,2,21,9.52
U2860,3.42,pass2860,28,108,25.93
U2861,0.16,pass2861,23,30,76.67
U2862,2.87,pass2862,20,53,37.74
U2863,0.01,pass2863,292,385,75.84
U2864,1.92,pass2864,58,181,32.04
U2865,2.09,pass2865,404,443,91.2
U2866,1.82,pass2866,90,109,82.57
U2867,4.76,pass2867,50,355,14.08
U2868,3.06,pass2868,77,254,30.31
U2869,1.76,pass2869,401,498,80.52
U2870,3.25,pass2870,8,41,19.51
U2871,3.84,pass2871,12,500,2.4
U2872,2.84,pass2872,86,252,34.13
U2873,2.28,pass2873,26,87,29.89
U2874,1.84,pass2874,57,82,69.51
U2875,3.48,pass2875,21,204,10.29
U2876,3.13,pass2876,104,449,23.16
U2877,3.1,pass2877,39,165,23.64
U2878,3.71,pass2878,123,429,28.67
U2879,1.86,pass2879,110,343,32.07
U2880,3.59,pass2880,4,38,10.53
U2881,1.21,pass2881,59,88,67.05
U2882,2.98,pass2882,152,478,31.8
U2883,2.67,pass2883,27,79,34.18
U2884,2.53,pass2884,74,192,38.54
U2885,4.19,pass2885,15,184,8.15
U2886,2.49,pass2886,60,229,26.2
U2887,4.34,pass2887,9,48,18.75
U2888,1.52,pass2888,254,359,70.75
U2889,3.1,pass2889,139,424,32.78
U2890,2.2,pass2890,59,162,36.42
U2891,1.81,pass2891,135,372,36.29
U2892,1.83,pass2892,148,493,30.02
U2893,3.25,pass2893,1,4,25.0
U2894,3.4,pass2894,32,129,24.81
U2895,0.23,pass2895,77,95,81.05
U2896,2.85,pass2896,12,109,11.01
U2897,2.6,pass2897,54,204,26.47
U2898,2.37,pass2898,3,11,27.27
U2899,4.15,pass2899,52,274,18.98
U2900,0.46,pass2900,262,335,78.21
U2901,3.21,pass2901,62,202,30.69
U2902,0.34,pass2902,39,60,65.0
U2903,2.37,pass2903,71,259,27.41
U2904,4.7,pass2904,2,484,0.41
U2905,3.31,pass2905,25,387,6.46
U2906,1.98,pass2906,118,299,39.46
U2907,3.62,pass2907,23,142,16.2
U2908,1.82,pass2908,5,15,33.33
U2909,2.54,pass2909,152,421,36.1
U2910,3.34,pass2910,93,472,19.7
U2911,3.63,pass2911,93,351,26.5
U2912,4.84,pass2912,26,235,11.06
U2913,4.31,pass2913,99,249,39.76
U2914,0.78,pass2914,277,404,68.56
U2915,2.59,pass2915,250,408,61.27
U2916,3.35,pass2916,15,76,19.74
U2917,2.92,pass2917,5,14,35.71
U2918,2.44,pass2918,448,461,97.18
U2919,0.68,pass2919,197,277,71.12
U2920,3.71,pass2920,36,127,28.35
U2921,3.52,pass2921,5,46,10.87
U2922,3.01,pass2922,87,297,29.29
U2923,2.6,pass2923,40,132,30.3
U2924,3.44,pass2924,97,259,37.45
U2925,3.61,pass2925,109,400,27.25
U2926,4.37,pass2926,26,384,6.77
U2927,0.85,pass2927,433,455,95.16
U2928,4.4,pass2928,1,24,4.17
U2929,1.94,pass2929,43,86,50.0
U2930,3.9,pass2930,16,379,4.22
U2931,2.83,pass2931,104,141,73.76
U2932,1.44,pass2932,7,19,36.84
U2933,2.93,pass2933,32,134,23.88
U2934,2.23,pass2934,144,369,39.02
U2935,2.31,pass2935,12,40,30.0
U2936,2.93,pass2936,11,45,24.44
U2937,2.52,pass2937,84,314,26.75
U2938,3.86,pass2938,0,11,0.0
U2939,2.48,pass2939,76,202,37.62
U2940,2.71,pass2940,95,248,38.31
U2941,2.66,pass2941,145,400,36.25
U2942,2.11,pass2942,85,259,32.82
U2943,4.44,pass2943,24,139,17.27
U2944,3.17,pass2944,1,6,16.67
U2945,2.31,pass2945,64,181,35.36
U2946,3.74,pass2946,8,205,3.9
U2947,2.95,pass2947,113,382,29.58
U2948,3.3,pass2948,140,454,30.84
U2949,1.44,pass2949,107,280,38.21
U2950,2.82,pass2950,147,397,37.03
U2951,1.54,pass2951,358,484,73.97
U2952,3.48,pass2952,31,99,31.31
U2953,3.68,pass2953,84,379,22.16
U2954,1.53,pass2954,94,151,62.25
U2955,3.23,pass2955,32,98,32.65
U2956,3.4,pass2956,30,107,28.04
U2957,4.39,pass2957,154,390,39.49
U2958,3.21,pass2958,93,258,36.05
U2959,4.87,pass2959,1,13,7.69
U2960,1.99,pass2960,12,54,22.22
U2961,3.57,pass2961,61,183,33.33
U2962,1.52,pass2962,8,21,38.1
U2963,2.98,pass2963,64,267,23.97
U2964,0.82,pass2964,264,293,90.1
U2965,1.42,pass2965,273,462,59.09
U2966,1.2,pass2966,195,227,85.9
U2967,2.24,pass2967,150,397,37.78
U2968,1.0,pass2968,287,314,91.4
U2969,1.56,pass2969,264,432,61.11
U2970,3.6,pass2970,2,236,0.85
U2971,3.14,pass2971,14,70,20.0
U2972,3.9,pass2972,78,387,20.16
U2973,2.3,pass2973,40,92,43.48
U2974,4.12,pass2974,26,168,15.48
U2975,4.1,pass2975,27,176,15.34
U2976,2.94,pass2976,58,247,23.48
U2977,3.57,pass2977,15,275,5.45
U2978,2.29,pass2978,48,94,51.06
U2979,4.8,pass2979,18,138,13.04
U2980,3.22,pass2980,0,5,0.0
U2981,3.05,pass2981,67,308,21.75
U2982,3.36,pass2982,26,68,38.24
U2983,4.17,pass2983,26,322,8.07
U2984,3.09,pass2984,33,99,33.33
U2985,2.86,pass2985,58,224,25.89
U2986,4.07,pass2986,16,229,6.99
U2987,2.44,pass2987,228,319,71.47
U2988,2.74,pass2988,117,168,69.64
U2989,1.87,pass2989,282,317,88.96
U2990,1.11,pass2990,3,7,42.86
U2991,2.4,pass2991,110,396,27.78
U2992,2.9,pass2992,17,63,26.98
U2993,3.12,pass2993,0,0,0.0
U2994,4.1,pass2994,4,214,1.87
U2995,2.59,pass2995,11,251,4.38
U2996,3.84,pass2996,87,225,38.67
U2997,2.67,pass2997,9,33,27.27
U2998,4.47,pass2998,18,98,18.37
U2999,4.01,pass2999,3,289,1.04
